draw_id,numbers,date
3957,"01,03,05,10,11,18",18/08/2026
3956,"01,09,13,17,22,23",15/08/2026
3955,"01,03,13,16,19,29",13/08/2026
3954,"02,06,18,20,31,34",11/08/2026
3953,"01,06,09,16,22,33",08/08/2026
3952,"01,09,13,20,23,35",04/08/2026
3951,"12,14,16,18,32,33",01/08/2026
3950,"01,08,09,19,21,23",28/07/2026
3949,"08,14,20,25,26,34",25/07/2026
3948,"11,12,13,19,20,36",21/07/2026
3947,"05,06,08,31,32,36",18/07/2026
3946,"02,14,21,26,27,28",16/07/2026
3945,"05,08,23,26,35,37",14/07/2026
3944,"07,14,28,30,31,37",11/07/2026
3943,"05,15,16,27,32,37",07/07/2026
3942,"06,07,18,19,23,34",04/07/2026
3941,"05,07,24,31,34,37",30/06/2026
3940,"05,06,08,13,24,37",27/06/2026
3939,"07,12,16,18,29,35",25/06/2026
3938,"01,07,12,14,30,32",23/06/2026
3937,"03,05,06,15,21,36",20/06/2026
3936,"06,11,21,24,26,29",16/06/2026
3935,"04,11,13,25,32,37",13/06/2026
3934,"11,19,20,29,31,35",09/06/2026
3933,"07,11,18,22,35,36",06/06/2026
3932,"04,08,18,21,28,36",04/06/2026
3931,"01,04,17,26,32,37",02/06/2026
3930,"10,23,25,28,32,33",30/05/2026
3929,"05,06,09,15,16,21",26/05/2026
3928,"02,05,06,08,30,37",24/05/2026
3927,"04,10,18,21,32,33",19/05/2026
3926,"04,09,14,18,21,32",16/05/2026
3925,"09,10,17,18,21,32",14/05/2026
3924,"02,05,11,14,24,29",12/05/2026
3923,"01,07,19,22,27,34",09/05/2026
3922,"04,11,30,32,35,36",05/05/2026
3921,"05,08,27,31,32,34",02/05/2026
3920,"03,07,12,18,24,27",28/04/2026
3919,"05,06,12,19,24,27",25/04/2026
3918,"07,08,15,16,21,24",23/04/2026
3917,"03,13,15,16,19,27",18/04/2026
3916,"01,03,16,17,18,37",14/04/2026
3915,"16,17,18,19,26,29",11/04/2026
3914,"01,02,08,16,17,25",09/04/2026
3913,"10,17,21,23,26,34",04/04/2026
3912,"13,18,19,21,29,37",31/03/2026
3911,"02,03,08,09,10,11",28/03/2026
3910,"08,13,15,27,28,31",26/03/2026
3909,"09,10,23,25,27,30",24/03/2026
3908,"02,07,08,26,34,36",21/03/2026
3907,"22,24,25,27,30,37",17/03/2026
3906,"05,07,20,22,31,35",14/03/2026
3905,"02,04,07,09,10,13",12/03/2026
3904,"19,20,23,24,31,33",10/03/2026
3903,"03,08,10,17,29,35",07/03/2026
3902,"13,15,16,20,35,36",24/02/2026
3901,"04,08,11,18,19,35",21/02/2026
3900,"07,09,25,26,35,36",19/02/2026
3899,"07,10,14,25,29,36",17/02/2026
3898,"06,09,10,11,21,22",14/02/2026
3897,"01,03,08,20,24,37",10/02/2026
3896,"13,14,26,31,33,36",07/02/2026
3895,"05,08,30,32,33,34",03/02/2026
3894,"05,23,25,27,28,32",31/01/2026
3893,"05,14,18,22,26,31",29/01/2026
3892,"03,15,21,23,26,35",27/01/2026
3891,"03,07,13,18,19,35",24/01/2026
3890,"07,19,32,34,35,37",20/01/2026
3889,"10,11,16,17,21,29",17/01/2026
3888,"01,02,13,15,24,31",13/01/2026
3887,"09,11,12,19,22,37",10/01/2026
3886,"01,02,07,18,23,25",08/01/2026
3885,"01,16,21,30,34,36",06/01/2026
3884,"06,10,18,22,29,34",03/01/2026
3883,"01,10,16,17,25,31",30/12/2025
3882,"08,11,15,18,24,34",27/12/2025
3881,"11,22,26,29,30,37",25/12/2025
3880,"02,09,11,19,22,28",23/12/2025
3879,"07,08,10,12,13,21",20/12/2025
3878,"01,05,23,25,28,33",16/12/2025
3877,"01,07,21,24,28,33",13/12/2025
3876,"05,08,09,25,34,36",09/12/2025
3875,"04,14,17,26,31,34",06/12/2025
3874,"09,12,13,17,19,33",04/12/2025
3873,"01,11,24,25,36,37",02/12/2025
3872,"16,23,27,29,30,33",29/11/2025
3871,"07,14,25,28,33,36",25/11/2025
3870,"06,07,14,23,24,33",22/11/2025
3869,"05,06,13,20,26,27",18/11/2025
3868,"02,21,26,27,30,33",15/11/2025
3867,"05,08,16,19,35,36",13/11/2025
3866,"01,03,04,17,22,28",11/11/2025
3865,"02,14,18,20,28,32",08/11/2025
3864,"12,15,18,19,29,37",04/11/2025
3863,"12,14,17,18,34,37",01/11/2025
3862,"05,07,21,24,30,32",28/10/2025
3861,"05,10,12,17,24,36",25/10/2025
3860,"04,06,16,17,24,31",23/10/2025
3859,"20,22,23,25,26,27",21/10/2025
3858,"23,28,29,31,35,36",18/10/2025
3857,"02,06,09,13,17,27",14/10/2025
3856,"10,18,20,21,29,34",11/10/2025
3855,"04,19,22,23,27,33",09/10/2025
3854,"12,14,17,19,31,33",05/10/2025
3853,"08,12,18,22,31,32",30/09/2025
3852,"17,23,25,27,30,37",27/09/2025
3851,"02,03,15,25,31,32",25/09/2025
3850,"03,24,33,35,36,37",20/09/2025
3849,"01,02,11,17,19,26",16/09/2025
3848,"02,04,07,14,30,36",13/09/2025
3847,"10,14,18,27,28,34",11/09/2025
3846,"02,04,20,23,29,34",09/09/2025
3845,"13,25,26,28,30,35",06/09/2025
3844,"02,07,19,26,27,32",02/09/2025
3843,"03,04,08,24,25,26",30/08/2025
3842,"20,21,23,24,28,31",28/08/2025
3841,"11,14,24,25,26,30",26/08/2025
3840,"09,10,11,14,16,27",23/08/2025
3839,"01,03,07,17,20,35",19/08/2025
3838,"21,22,24,25,29,35",16/08/2025
3837,"03,06,13,28,30,31",14/08/2025
3836,"06,16,21,34,35,37",12/08/2025
3835,"17,25,29,30,31,35",09/08/2025
3834,"10,16,18,26,29,30",05/08/2025
3833,"08,10,13,18,23,26",03/08/2025
3832,"11,17,20,24,32,35",29/07/2025
3831,"02,04,18,25,26,36",26/07/2025
3830,"02,10,16,28,29,33",24/07/2025
3829,"02,05,11,12,28,29",22/07/2025
3828,"03,13,21,27,30,36",19/07/2025
3827,"20,21,27,29,30,33",15/07/2025
3826,"09,20,22,35,36,37",12/07/2025
3825,"10,11,16,17,20,28",08/07/2025
3824,"06,08,14,16,20,25",05/07/2025
3823,"02,09,12,24,27,32",03/07/2025
3822,"03,15,18,26,28,36",01/07/2025
3821,"03,15,17,22,31,33",28/06/2025
3820,"10,12,13,19,20,27",21/06/2025
3819,"02,04,09,24,26,35",12/06/2025
3818,"01,04,08,14,25,31",10/06/2025
3817,"01,07,14,17,21,37",07/06/2025
3816,"04,07,10,11,16,24",03/06/2025
3815,"08,14,17,18,25,32",31/05/2025
3814,"01,05,15,18,24,32",27/05/2025
3813,"01,19,23,28,35,36",24/05/2025
3812,"01,10,16,18,28,35",20/05/2025
3811,"08,13,14,22,25,28",17/05/2025
3810,"04,05,06,21,22,24",15/05/2025
3809,"05,08,21,23,29,35",13/05/2025
3808,"01,15,27,28,31,37",10/05/2025
3807,"01,03,08,27,29,31",06/05/2025
3806,"01,07,23,29,32,35",03/05/2025
3805,"02,08,13,21,28,35",28/04/2025
3804,"04,06,11,16,21,30",26/04/2025
3803,"06,18,22,30,32,37",22/04/2025
3802,"14,21,24,34,35,37",19/04/2025
3801,"01,02,11,15,21,33",15/04/2025
3800,"04,10,14,29,36,37",13/04/2025
3799,"01,04,21,22,28,29",10/04/2025
3798,"12,22,23,25,28,33",08/04/2025
3797,"02,18,20,21,26,34",05/04/2025
3796,"11,16,18,31,34,37",01/04/2025
3795,"04,05,11,18,19,27",29/03/2025
3794,"06,13,18,20,22,28",25/03/2025
3793,"01,03,08,14,17,33",22/03/2025
3792,"02,08,11,21,25,34",20/03/2025
3791,"10,11,23,26,29,34",18/03/2025
3790,"04,07,09,10,12,27",15/03/2025
3789,"03,05,14,19,22,27",11/03/2025
3788,"01,04,16,26,27,34",08/03/2025
3787,"11,15,21,22,28,29",04/03/2025
3786,"15,17,21,30,34,37",01/03/2025
3785,"02,03,07,10,14,18",25/02/2025
3784,"03,07,08,21,24,35",22/02/2025
3783,"03,14,25,29,30,31",18/02/2025
3782,"12,13,21,23,24,33",15/02/2025
3781,"02,11,17,18,25,34",13/02/2025
3780,"10,20,26,28,30,33",11/02/2025
3779,"01,05,24,27,28,31",08/02/2025
3778,"02,09,12,15,19,37",04/02/2025
3777,"07,24,25,27,30,35",01/02/2025
3776,"02,11,17,19,20,31",28/01/2025
3775,"05,08,14,15,26,31",25/01/2025
3774,"04,13,16,30,32,37",21/01/2025
3773,"02,15,19,23,26,37",18/01/2025
3772,"11,14,23,24,34,35",16/01/2025
3771,"01,06,12,18,31,34",14/01/2025
3770,"02,21,25,32,34,35",11/01/2025
3769,"04,05,20,23,33,35",07/01/2025
3768,"06,17,21,22,28,33",04/01/2025
3767,"01,04,12,15,32,33",31/12/2024
3766,"06,13,15,24,30,34",28/12/2024
3765,"03,07,10,12,15,36",26/12/2024
3764,"14,18,22,26,29,35",24/12/2024
3763,"09,21,26,27,31,34",21/12/2024
3762,"02,03,06,10,27,32",17/12/2024
3761,"10,24,28,31,36,37",14/12/2024
3760,"04,05,11,20,27,32",10/12/2024
3759,"11,15,16,22,24,37",07/12/2024
3758,"02,07,09,19,20,35",03/12/2024
3757,"03,07,10,13,25,33",30/11/2024
3756,"03,07,24,28,30,34",26/11/2024
3755,"04,16,17,24,33,35",23/11/2024
3754,"01,06,16,23,26,27",21/11/2024
3753,"12,14,18,21,22,29",19/11/2024
3752,"04,05,09,10,21,26",16/11/2024
3751,"01,03,09,12,29,36",12/11/2024
3750,"03,07,09,11,23,34",09/11/2024
3749,"01,11,27,32,35,36",05/11/2024
3748,"05,06,13,25,28,36",02/11/2024
3747,"14,21,23,26,28,30",31/10/2024
3746,"03,15,21,23,27,30",29/10/2024
3745,"19,21,29,30,34,35",26/10/2024
3744,"11,21,23,24,27,37",22/10/2024
3743,"01,09,15,18,35,37",19/10/2024
3742,"06,10,12,20,28,35",15/10/2024
3741,"06,07,11,24,27,35",13/10/2024
3740,"02,03,07,08,09,25",08/10/2024
3739,"06,15,19,25,28,29",06/10/2024
3738,"03,09,11,17,19,23",01/10/2024
3737,"20,21,22,31,33,37",28/09/2024
3736,"07,09,10,16,21,36",26/09/2024
3735,"05,17,23,26,33,37",24/09/2024
3734,"05,11,14,15,23,35",21/09/2024
3733,"08,24,26,28,29,35",17/09/2024
3732,"08,20,24,30,32,34",14/09/2024
3731,"09,12,18,24,30,34",12/09/2024
3730,"06,12,17,18,27,36",10/09/2024
3729,"01,03,05,21,25,30",07/09/2024
3728,"01,03,08,23,26,34",03/09/2024
3727,"01,03,11,25,30,33",31/08/2024
3726,"04,08,18,23,35,36",27/08/2024
3725,"15,24,26,28,30,36",24/08/2024
3724,"02,06,11,15,23,33",22/08/2024
3723,"11,13,18,23,24,30",20/08/2024
3722,"09,22,23,24,25,29",17/08/2024
3721,"02,12,13,19,21,34",13/08/2024
3720,"07,08,19,27,30,35",10/08/2024
3719,"04,14,22,27,30,33",06/08/2024
3718,"02,12,16,17,26,32",03/08/2024
3717,"06,16,20,21,22,34",30/07/2024
3716,"13,16,18,19,29,37",27/07/2024
3715,"04,22,26,27,32,36",25/07/2024
3714,"04,07,10,21,27,28",23/07/2024
3713,"03,06,19,24,29,37",20/07/2024
3712,"12,19,30,32,34,35",16/07/2024
3711,"07,10,17,29,33,35",13/07/2024
3710,"04,10,19,20,25,28",11/07/2024
3709,"06,11,12,19,34,36",09/07/2024
3708,"02,11,14,26,27,30",06/07/2024
3707,"01,03,20,26,29,34",02/07/2024
3706,"01,07,12,14,22,26",29/06/2024
3705,"11,16,24,25,35,36",25/06/2024
3704,"10,12,14,27,28,31",22/06/2024
3703,"02,10,23,28,29,37",20/06/2024
3702,"07,09,25,30,34,36",18/06/2024
3701,"13,18,26,27,31,35",15/06/2024
3700,"03,07,10,11,30,35",13/06/2024
3699,"05,09,27,29,32,36",08/06/2024
3698,"01,02,22,31,34,37",04/06/2024
3697,"07,10,14,27,32,35",01/06/2024
3696,"04,05,07,18,21,30",28/05/2024
3695,"13,15,19,21,31,33",25/05/2024
3694,"04,10,17,19,30,37",23/05/2024
3693,"15,26,27,28,32,36",21/05/2024
3692,"02,04,19,25,32,34",18/05/2024
3691,"06,20,22,27,30,32",15/05/2024
3690,"05,11,14,18,24,28",11/05/2024
3689,"06,13,17,25,29,37",07/05/2024
3688,"14,16,22,24,27,33",04/05/2024
3687,"05,09,22,23,24,25",30/04/2024
3686,"01,02,03,06,21,24",27/04/2024
3685,"01,08,12,19,31,34",23/04/2024
3684,"01,02,10,14,22,34",20/04/2024
3683,"01,20,21,23,25,35",16/04/2024
3682,"01,10,23,24,25,37",13/04/2024
3681,"13,20,25,27,33,37",11/04/2024
3680,"01,11,13,18,22,29",09/04/2024
3679,"09,15,16,27,28,34",06/04/2024
3678,"02,08,15,24,26,28",02/04/2024
3677,"07,18,22,27,33,35",30/03/2024
3676,"01,03,04,20,26,35",26/03/2024
3675,"01,10,17,21,31,35",23/03/2024
3674,"13,17,21,24,27,36",19/03/2024
3673,"18,20,27,28,35,36",16/03/2024
3672,"04,07,18,19,24,32",14/03/2024
3671,"01,02,04,06,07,21",12/03/2024
3670,"05,15,20,21,25,30",09/03/2024
3669,"18,19,26,30,33,36",05/03/2024
3668,"01,11,13,24,27,32",02/03/2024
3667,"16,18,20,21,23,37",27/02/2024
3666,"10,16,20,24,31,32",24/02/2024
3665,"12,25,27,29,33,34",20/02/2024
3664,"06,08,13,27,33,34",17/02/2024
3663,"01,04,18,22,26,34",15/02/2024
3662,"01,15,19,21,24,34",13/02/2024
3661,"20,23,26,27,30,34",10/02/2024
3660,"01,08,09,16,33,34",06/02/2024
3659,"01,03,11,19,32,35",03/02/2024
3658,"07,10,11,21,25,26",30/01/2024
3657,"01,17,18,21,34,36",27/01/2024
3656,"03,07,11,16,22,33",25/01/2024
3655,"09,13,30,33,34,35",23/01/2024
3654,"03,05,22,28,35,36",20/01/2024
3653,"08,12,13,24,25,29",16/01/2024
3652,"03,09,11,13,23,25",13/01/2024
3651,"14,17,21,24,25,30",09/01/2024
3650,"02,05,08,09,10,26",06/01/2024
3649,"05,09,12,21,22,28",02/01/2024
3648,"04,08,12,27,33,37",30/12/2023
3647,"01,03,05,15,29,35",26/12/2023
3646,"02,07,11,19,22,29",23/12/2023
3645,"03,05,21,23,34,36",19/12/2023
3644,"04,07,11,22,28,31",16/12/2023
3643,"03,11,12,17,19,29",12/12/2023
3642,"01,08,11,21,27,29",07/12/2023
3641,"01,07,09,18,28,37",05/12/2023
3640,"07,17,19,22,28,31",30/11/2023
3639,"11,13,23,31,32,37",28/11/2023
3638,"08,20,27,28,32,35",23/11/2023
3637,"03,04,07,11,30,31",21/11/2023
3636,"10,11,17,24,30,37",16/11/2023
3635,"08,19,20,22,23,35",14/11/2023
3634,"09,15,19,25,31,34",09/11/2023
3633,"05,10,28,30,32,36",07/11/2023
3632,"10,14,20,33,34,35",02/11/2023
3631,"07,08,16,31,34,35",31/10/2023
3630,"01,12,18,26,30,33",26/10/2023
3629,"02,04,09,19,24,37",24/10/2023
3628,"06,11,20,21,25,37",03/10/2023
3627,"01,05,09,13,29,33",30/09/2023
3626,"09,11,12,20,23,34",26/09/2023
3625,"11,13,16,21,25,35",23/09/2023
3624,"08,10,12,23,25,31",19/09/2023
3623,"01,09,12,13,14,22",17/09/2023
3622,"04,23,25,31,33,36",12/09/2023
3621,"13,17,24,30,35,37",09/09/2023
3620,"07,17,19,25,35,37",07/09/2023
3619,"02,03,05,09,36,37",05/09/2023
3618,"04,12,22,27,30,34",02/09/2023
3617,"06,08,15,19,26,31",29/08/2023
3616,"06,07,14,21,25,34",26/08/2023
3615,"02,06,10,23,24,29",22/08/2023
3614,"11,12,14,15,16,27",19/08/2023
3613,"02,16,17,29,32,35",15/08/2023
3612,"06,18,23,25,27,35",12/08/2023
3611,"07,17,25,27,29,36",10/08/2023
3610,"03,09,12,21,26,30",08/08/2023
3609,"15,18,22,24,31,33",05/08/2023
3608,"03,12,13,14,23,37",01/08/2023
3607,"02,08,09,13,28,31",29/07/2023
3606,"05,10,11,23,35,37",25/07/2023
3605,"02,04,18,22,29,30",22/07/2023
3604,"07,08,11,17,18,34",18/07/2023
3603,"10,11,27,28,30,31",15/07/2023
3602,"07,09,17,29,30,33",13/07/2023
3601,"07,12,13,27,34,36",11/07/2023
3600,"07,11,12,21,36,37",08/07/2023
3599,"01,16,17,20,21,27",04/07/2023
3598,"08,09,19,24,29,34",01/07/2023
3597,"07,08,09,19,21,33",27/06/2023
3596,"01,13,14,23,29,33",24/06/2023
3595,"08,14,18,21,28,30",22/06/2023
3594,"05,06,08,13,25,27",20/06/2023
3593,"09,11,18,24,25,27",17/06/2023
3592,"01,04,16,26,29,35",13/06/2023
3591,"04,13,19,22,26,31",10/06/2023
3590,"04,09,13,14,15,37",06/06/2023
3589,"09,16,19,23,24,35",03/06/2023
3588,"09,20,21,24,27,31",01/06/2023
3587,"04,05,12,22,27,29",30/05/2023
3586,"01,03,05,19,31,36",27/05/2023
3585,"15,16,24,25,26,32",23/05/2023
3584,"04,07,15,30,31,35",20/05/2023
3583,"02,07,08,09,10,25",16/05/2023
3582,"11,13,16,20,29,37",13/05/2023
3581,"02,03,14,31,35,37",11/05/2023
3580,"07,12,16,26,28,30",09/05/2023
3579,"02,03,09,10,16,20",06/05/2023
3578,"04,10,14,29,33,35",02/05/2023
3577,"01,08,11,25,31,33",29/04/2023
3576,"04,10,11,26,29,37",27/04/2023
3575,"05,12,14,23,25,29",22/04/2023
3574,"02,05,09,11,26,29",18/04/2023
3573,"02,04,12,22,27,36",15/04/2023
3572,"01,03,04,19,20,34",13/04/2023
3571,"03,10,20,31,32,36",08/04/2023
3570,"02,05,09,10,14,35",04/04/2023
3569,"08,11,22,25,30,32",01/04/2023
3568,"08,12,14,25,29,32",28/03/2023
3567,"03,12,13,16,17,25",25/03/2023
3566,"05,11,22,23,31,36",23/03/2023
3565,"05,14,18,21,32,34",21/03/2023
3564,"14,15,19,23,24,30",18/03/2023
3563,"01,05,10,12,20,32",14/03/2023
3562,"03,09,15,19,21,23",11/03/2023
3561,"09,11,12,19,21,30",07/03/2023
3560,"04,05,15,17,25,31",04/03/2023
3559,"03,07,12,13,23,35",28/02/2023
3558,"10,22,24,27,29,34",25/02/2023
3557,"03,07,11,21,35,36",21/02/2023
3556,"07,10,11,22,31,32",18/02/2023
3555,"02,10,12,19,23,34",14/02/2023
3554,"12,27,29,30,33,34",11/02/2023
3553,"05,06,10,17,24,27",07/02/2023
3552,"05,06,12,14,34,35",04/02/2023
3551,"01,11,23,25,32,33",31/01/2023
3550,"01,12,18,28,29,33",28/01/2023
3549,"03,16,20,28,34,36",24/01/2023
3548,"06,07,09,18,21,31",21/01/2023
3547,"01,05,09,12,18,36",17/01/2023
3546,"04,05,09,18,19,35",14/01/2023
3545,"01,26,28,31,34,36",10/01/2023
3544,"10,14,17,20,31,36",07/01/2023
3543,"02,06,29,30,31,32",03/01/2023
3542,"04,08,17,20,24,32",31/12/2022
3541,"06,07,14,27,31,32",27/12/2022
3540,"06,17,24,25,30,34",24/12/2022
3539,"06,08,13,20,34,35",20/12/2022
3538,"06,11,15,16,17,22",17/12/2022
3537,"06,14,20,28,33,34",15/12/2022
3536,"07,11,30,31,33,35",13/12/2022
3535,"13,22,25,26,33,37",10/12/2022
3534,"03,06,14,19,34,35",06/12/2022
3533,"04,16,26,29,35,37",03/12/2022
3532,"05,18,19,23,24,35",01/12/2022
3531,"04,05,06,25,26,28",29/11/2022
3530,"02,05,09,12,15,16",26/11/2022
3529,"11,17,25,26,27,32",22/11/2022
3528,"10,13,16,29,30,35",19/11/2022
3527,"03,12,13,16,29,34",17/11/2022
3526,"04,09,10,15,26,27",15/11/2022
3525,"04,09,17,25,33,37",12/11/2022
3524,"04,05,06,31,33,36",08/11/2022
3523,"06,09,22,25,31,34",05/11/2022
3522,"02,03,04,05,11,15",01/11/2022
3521,"02,05,15,24,32,33",29/10/2022
3520,"12,13,22,25,28,36",27/10/2022
3519,"05,07,10,16,31,32",25/10/2022
3518,"05,11,13,19,32,37",22/10/2022
3517,"05,07,13,17,25,32",18/10/2022
3516,"03,15,17,21,26,29",15/10/2022
3515,"05,16,18,26,29,35",11/10/2022
3514,"02,12,14,15,33,37",08/10/2022
3513,"05,06,11,18,19,35",06/10/2022
3512,"09,17,20,21,30,33",01/10/2022
3511,"06,21,24,27,28,37",29/09/2022
3510,"04,10,11,13,20,32",24/09/2022
3509,"01,15,17,29,33,34",20/09/2022
3508,"09,11,14,20,31,33",17/09/2022
3507,"06,07,15,19,27,33",15/09/2022
3506,"02,07,10,13,25,34",13/09/2022
3505,"02,07,14,17,19,28",10/09/2022
3504,"03,20,23,25,32,35",06/09/2022
3503,"01,09,13,20,22,36",03/09/2022
3502,"09,12,17,18,20,36",30/08/2022
3501,"09,16,22,27,30,34",27/08/2022
3500,"02,06,14,17,25,33",23/08/2022
3499,"08,13,16,19,23,36",20/08/2022
3498,"01,11,15,19,21,32",16/08/2022
3497,"14,18,21,27,28,34",13/08/2022
3496,"06,09,12,14,25,29",09/08/2022
3495,"08,19,25,30,31,36",07/08/2022
3494,"06,08,09,20,23,28",02/08/2022
3493,"07,13,24,26,35,37",30/07/2022
3492,"02,15,17,27,34,37",28/07/2022
3491,"11,12,13,16,34,36",26/07/2022
3490,"07,13,19,21,25,37",23/07/2022
3489,"04,08,09,10,15,24",19/07/2022
3488,"01,07,08,11,12,25",16/07/2022
3487,"06,12,15,19,26,27",14/07/2022
3486,"09,14,15,23,27,33",12/07/2022
3485,"01,12,15,19,27,31",09/07/2022
3484,"01,15,16,31,32,33",05/07/2022
3483,"02,04,12,14,26,37",02/07/2022
3482,"01,04,07,21,22,36",28/06/2022
3481,"12,17,26,28,32,35",25/06/2022
3480,"04,06,07,12,17,27",21/06/2022
3479,"01,04,09,12,30,31",18/06/2022
3478,"01,07,10,13,29,36",16/06/2022
3477,"03,05,06,10,15,36",14/06/2022
3476,"07,08,20,31,36,37",11/06/2022
3475,"03,06,13,23,25,29",07/06/2022
3474,"11,24,25,27,29,32",02/06/2022
3473,"02,05,10,19,27,36",31/05/2022
3472,"01,02,08,19,31,33",28/05/2022
3471,"06,10,13,20,23,35",24/05/2022
3470,"03,04,05,15,24,33",21/05/2022
3469,"01,08,18,25,29,30",19/05/2022
3468,"01,04,05,24,31,32",17/05/2022
3467,"09,16,17,21,26,29",14/05/2022
3466,"17,19,21,23,25,34",10/05/2022
3465,"03,13,21,24,27,35",07/05/2022
3464,"01,14,15,17,28,37",02/05/2022
3463,"08,09,10,18,29,32",30/04/2022
3462,"07,10,11,19,22,29",26/04/2022
3461,"10,13,17,22,29,35",24/04/2022
3460,"02,03,05,08,14,19",19/04/2022
3459,"06,07,14,19,20,23",16/04/2022
3458,"09,15,17,23,26,29",12/04/2022
3457,"02,12,19,29,30,33",09/04/2022
3456,"15,20,27,29,36,37",07/04/2022
3455,"07,14,15,20,27,36",05/04/2022
3454,"01,03,09,26,29,34",02/04/2022
3453,"01,03,05,11,25,31",29/03/2022
3452,"01,11,12,13,18,36",26/03/2022
3451,"02,16,26,27,33,35",22/03/2022
3450,"09,10,18,19,29,35",19/03/2022
3449,"08,18,21,23,33,36",17/03/2022
3448,"03,09,16,27,34,37",15/03/2022
3447,"01,04,16,21,22,35",12/03/2022
3446,"01,02,04,08,18,21",08/03/2022
3445,"10,12,19,23,27,30",05/03/2022
3444,"07,16,20,30,32,33",01/03/2022
3443,"01,22,27,30,31,37",26/02/2022
3442,"14,22,25,28,33,34",22/02/2022
3441,"09,12,15,25,29,30",19/02/2022
3440,"04,08,11,12,15,25",15/02/2022
3439,"02,05,12,15,16,34",12/02/2022
3438,"03,09,10,16,27,31",10/02/2022
3437,"02,15,17,18,31,33",08/02/2022
3436,"06,07,16,30,32,36",05/02/2022
3435,"02,06,09,11,33,37",01/02/2022
3434,"03,05,07,23,26,36",29/01/2022
3433,"03,24,26,27,32,37",25/01/2022
3432,"08,16,18,19,35,36",22/01/2022
3431,"08,17,21,27,33,34",18/01/2022
3430,"07,12,17,19,36,37",15/01/2022
3429,"01,05,10,11,23,34",13/01/2022
3428,"08,09,30,31,33,36",11/01/2022
3427,"07,10,12,15,18,34",08/01/2022
3426,"01,06,09,12,28,29",04/01/2022
3425,"04,08,09,28,33,37",01/01/2022
3424,"06,08,14,15,23,36",28/12/2021
3423,"16,20,21,23,34,36",25/12/2021
3422,"04,24,28,30,32,34",21/12/2021
3421,"01,05,10,13,30,33",18/12/2021
3420,"06,13,15,20,29,31",16/12/2021
3419,"06,08,10,12,25,34",14/12/2021
3418,"12,15,17,20,21,23",11/12/2021
3417,"05,11,13,18,32,37",07/12/2021
3416,"15,20,23,26,28,37",04/12/2021
3415,"03,15,19,26,27,31",02/12/2021
3414,"03,04,19,27,32,33",30/11/2021
3413,"08,17,22,24,28,33",27/11/2021
3412,"08,15,16,23,27,33",23/11/2021
3411,"13,18,20,23,26,36",20/11/2021
3410,"04,09,20,23,32,37",18/11/2021
3409,"07,09,17,20,22,26",16/11/2021
3408,"02,09,13,31,34,37",13/11/2021
3407,"06,09,19,21,28,36",09/11/2021
3406,"07,08,21,24,26,30",06/11/2021
3405,"01,04,15,26,33,37",04/11/2021
3404,"02,06,10,12,24,31",02/11/2021
3403,"01,02,17,19,36,37",30/10/2021
3402,"14,17,27,29,33,35",26/10/2021
3401,"07,16,17,22,26,29",23/10/2021
3400,"07,12,24,28,32,34",19/10/2021
3399,"05,10,14,20,23,28",16/10/2021
3398,"08,16,17,20,29,30",14/10/2021
3397,"07,11,22,28,31,32",12/10/2021
3396,"07,20,24,26,33,36",09/10/2021
3395,"04,10,11,14,15,33",05/10/2021
3394,"10,12,13,17,30,31",02/10/2021
3393,"03,05,08,09,19,36",29/09/2021
3392,"11,14,16,30,32,35",25/09/2021
3391,"04,06,12,20,31,36",22/09/2021
3390,"08,26,28,29,33,35",18/09/2021
3389,"04,08,24,25,30,31",14/09/2021
3388,"15,19,21,30,32,35",11/09/2021
3387,"01,03,09,23,25,27",09/09/2021
3386,"02,06,12,13,26,37",04/09/2021
3385,"01,02,11,16,28,37",02/09/2021
3384,"06,11,15,20,36,37",31/08/2021
3383,"04,05,08,17,26,36",28/08/2021
3382,"15,18,21,28,31,33",24/08/2021
3381,"06,21,25,26,30,35",21/08/2021
3380,"04,11,25,26,28,37",17/08/2021
3379,"02,12,13,23,25,30",14/08/2021
3378,"03,09,10,17,24,32",10/08/2021
3377,"13,17,18,23,25,27",07/08/2021
3376,"02,04,10,11,18,35",05/08/2021
3375,"01,11,21,23,27,36",03/08/2021
3374,"16,24,28,34,35,36",31/07/2021
3373,"15,18,23,25,29,37",27/07/2021
3372,"10,16,19,23,24,28",24/07/2021
3371,"04,12,20,30,35,37",22/07/2021
3370,"02,11,13,27,28,31",20/07/2021
3369,"11,13,14,17,21,23",18/07/2021
3368,"08,09,23,24,28,33",13/07/2021
3367,"02,08,15,16,23,33",10/07/2021
3366,"08,11,14,16,18,29",06/07/2021
3365,"02,10,13,16,32,37",03/07/2021
3364,"02,13,19,20,22,25",01/07/2021
3363,"07,12,13,21,28,35",29/06/2021
3362,"03,04,09,19,22,26",26/06/2021
3361,"03,06,08,13,18,27",22/06/2021
3360,"12,18,20,26,29,37",19/06/2021
3359,"01,02,08,19,28,30",17/06/2021
3358,"03,16,22,25,26,37",15/06/2021
3357,"02,10,19,32,33,37",12/06/2021
3356,"02,05,22,26,30,33",08/06/2021
3355,"07,09,10,21,24,33",05/06/2021
3354,"08,14,15,20,32,33",03/06/2021
3353,"04,06,13,14,16,31",01/06/2021
3352,"09,11,15,21,23,24",29/05/2021
3351,"04,09,13,14,25,34",25/05/2021
3350,"01,05,10,21,22,33",22/05/2021
3349,"01,13,14,17,19,20",18/05/2021
3348,"01,05,09,24,36,37",15/05/2021
3347,"04,06,14,20,28,31",11/05/2021
3346,"10,11,12,20,26,35",08/05/2021
3345,"04,08,13,17,28,29",06/05/2021
3344,"11,22,23,25,32,34",04/05/2021
3343,"02,05,11,18,24,25",01/05/2021
3342,"02,15,19,33,34,36",27/04/2021
3341,"01,02,13,14,22,36",24/04/2021
3340,"03,05,13,23,24,35",22/04/2021
3339,"01,03,04,13,20,37",20/04/2021
3338,"02,06,10,11,16,35",17/04/2021
3337,"02,05,06,07,15,30",12/04/2021
3336,"02,07,08,10,30,31",10/04/2021
3335,"05,13,15,21,22,33",06/04/2021
3334,"03,05,07,09,19,27",03/04/2021
3333,"01,07,16,23,28,34",30/03/2021
3332,"01,05,25,27,28,31",25/03/2021
3331,"08,16,22,26,28,34",23/03/2021
3330,"11,12,18,33,35,36",20/03/2021
3329,"04,05,14,17,24,32",16/03/2021
3328,"01,06,12,14,18,34",13/03/2021
3327,"01,05,24,25,29,35",09/03/2021
3326,"07,13,15,22,29,34",06/03/2021
3325,"07,20,24,26,27,37",04/03/2021
3324,"08,15,19,23,27,37",02/03/2021
3323,"14,16,22,23,29,30",28/02/2021
3322,"04,12,13,15,16,24",23/02/2021
3321,"08,10,15,20,23,32",20/02/2021
3320,"05,09,18,21,30,33",16/02/2021
3319,"05,22,26,31,33,36",13/02/2021
3318,"03,07,12,13,20,31",09/02/2021
3317,"03,16,18,20,30,36",06/02/2021
3316,"06,21,28,30,32,35",02/02/2021
3315,"14,17,19,20,28,29",30/01/2021
3314,"02,04,17,31,33,35",26/01/2021
3313,"03,07,12,16,23,37",23/01/2021
3312,"06,14,17,22,24,33",19/01/2021
3311,"01,09,17,22,33,36",16/01/2021
3310,"02,09,11,13,35,37",12/01/2021
3309,"12,24,25,28,34,37",09/01/2021
3308,"05,12,14,16,17,24",05/01/2021
3307,"06,19,20,25,27,32",02/01/2021
3306,"12,13,16,21,25,33",29/12/2020
3305,"01,10,17,20,35,36",26/12/2020
3304,"01,05,12,27,32,36",22/12/2020
3303,"03,09,11,22,26,34",19/12/2020
3302,"03,08,09,16,20,21",15/12/2020
3301,"03,05,19,20,31,37",12/12/2020
3300,"08,10,16,18,23,30",08/12/2020
3299,"01,15,21,25,33,37",05/12/2020
3298,"09,16,19,23,26,33",03/12/2020
3297,"03,04,12,16,22,31",01/12/2020
3296,"05,08,09,11,18,22",28/11/2020
3295,"01,05,22,27,28,29",24/11/2020
3294,"02,13,21,22,23,25",21/11/2020
3293,"04,17,25,27,34,37",19/11/2020
3292,"02,20,24,25,32,34",17/11/2020
3291,"09,19,22,24,29,34",14/11/2020
3290,"05,06,12,18,23,31",10/11/2020
3289,"05,10,14,23,26,35",07/11/2020
3288,"01,17,23,24,32,37",03/11/2020
3287,"05,11,14,24,30,36",31/10/2020
3286,"03,17,19,22,23,28",27/10/2020
3285,"20,22,31,32,36,37",24/10/2020
3284,"02,08,15,22,24,35",20/10/2020
3283,"05,10,12,14,24,29",17/09/2020
3282,"01,08,14,19,29,37",15/09/2020
3281,"02,05,12,17,23,32",12/09/2020
3280,"05,06,13,16,20,28",08/09/2020
3279,"06,19,23,28,33,34",05/09/2020
3278,"04,06,24,26,35,36",03/09/2020
3277,"04,05,08,13,17,28",01/09/2020
3276,"03,06,14,22,32,37",29/08/2020
3275,"02,12,19,20,21,36",25/08/2020
3274,"11,12,29,31,34,35",22/08/2020
3273,"02,06,07,19,24,28",20/08/2020
3272,"06,20,21,24,30,31",18/08/2020
3271,"01,12,14,17,24,28",15/08/2020
3270,"15,18,21,24,28,34",11/08/2020
3269,"05,09,14,27,29,34",08/08/2020
3268,"10,20,24,26,28,35",06/08/2020
3267,"04,17,20,21,33,34",04/08/2020
3266,"04,06,07,15,16,34",01/08/2020
3265,"01,03,11,13,25,34",28/07/2020
3264,"12,13,17,21,23,25",25/07/2020
3263,"03,06,10,12,30,36",21/07/2020
3262,"04,09,12,30,31,33",18/07/2020
3261,"06,20,22,30,32,33",14/07/2020
3260,"10,12,18,28,34,37",11/07/2020
3259,"01,07,09,21,31,36",07/07/2020
3258,"01,04,08,27,28,33",04/07/2020
3257,"10,12,13,24,25,31",02/07/2020
3256,"22,24,26,27,28,29",30/06/2020
3255,"01,06,13,21,25,28",27/06/2020
3254,"01,03,18,19,25,30",23/06/2020
3253,"03,05,10,11,18,23",20/06/2020
3252,"05,06,08,18,20,30",18/06/2020
3251,"18,19,28,30,32,35",16/06/2020
3250,"05,12,15,22,24,31",13/06/2020
3249,"13,14,21,24,27,30",09/06/2020
3248,"07,08,18,23,25,37",06/06/2020
3247,"05,15,26,28,32,37",04/06/2020
3246,"02,13,22,23,25,30",02/06/2020
3245,"01,13,25,27,33,37",30/05/2020
3244,"09,16,22,26,30,36",26/05/2020
3243,"05,08,10,12,14,22",23/05/2020
3242,"20,21,23,26,29,33",19/05/2020
3241,"10,11,14,19,24,35",16/05/2020
3240,"02,07,12,20,21,29",12/05/2020
3239,"08,09,13,24,26,34",09/05/2020
3238,"05,07,10,13,20,29",07/05/2020
3237,"01,02,06,08,20,37",05/05/2020
3236,"01,13,16,32,33,37",02/05/2020
3235,"15,16,18,20,28,37",25/04/2020
3234,"03,07,09,23,25,33",17/03/2020
3233,"11,13,17,18,32,35",14/03/2020
3232,"11,19,23,27,30,36",10/03/2020
3231,"14,19,21,22,23,32",07/03/2020
3230,"04,10,15,18,26,32",05/03/2020
3229,"02,04,20,23,25,35",03/03/2020
3228,"07,21,25,27,30,31",29/02/2020
3227,"06,16,18,28,33,37",25/02/2020
3226,"01,15,22,23,29,33",22/02/2020
3225,"07,08,15,20,27,29",18/02/2020
3224,"04,08,10,14,21,35",15/02/2020
3223,"05,06,12,16,25,33",11/02/2020
3222,"01,19,20,32,34,35",08/02/2020
3221,"05,09,13,14,17,33",06/02/2020
3220,"09,21,25,27,32,34",04/02/2020
3219,"08,12,26,28,32,33",01/02/2020
3218,"12,14,16,17,31,36",28/01/2020
3217,"03,04,17,22,27,34",25/01/2020
3216,"01,04,06,30,35,36",21/01/2020
3215,"05,09,12,28,30,36",18/01/2020
3214,"08,21,23,24,36,37",16/01/2020
3213,"06,16,23,25,27,30",14/01/2020
3212,"07,14,16,31,32,35",11/01/2020
3211,"02,06,09,27,35,37",07/01/2020
3210,"01,07,12,18,31,33",04/01/2020
3209,"01,05,08,15,17,31",31/12/2019
3208,"02,17,18,29,31,32",28/12/2019
3207,"02,11,16,21,22,31",24/12/2019
3206,"01,06,07,16,26,36",21/12/2019
3205,"04,13,15,22,30,37",19/12/2019
3204,"02,05,12,14,29,33",17/12/2019
3203,"02,03,05,09,24,32",14/12/2019
3202,"06,15,28,31,34,35",10/12/2019
3201,"02,15,20,26,27,30",07/12/2019
3200,"08,09,10,17,30,34",05/12/2019
3199,"09,10,16,20,32,34",03/12/2019
3198,"06,17,20,25,33,36",30/11/2019
3197,"02,05,08,22,24,29",26/11/2019
3196,"06,07,14,19,20,28",23/11/2019
3195,"04,07,09,14,20,22",21/11/2019
3194,"02,10,15,17,18,24",19/11/2019
3193,"03,08,31,32,34,35",16/11/2019
3192,"02,06,14,19,27,29",12/11/2019
3191,"10,16,19,30,34,37",09/11/2019
3190,"01,19,21,26,30,33",07/11/2019
3189,"09,11,14,19,23,33",05/11/2019
3188,"01,11,27,29,33,37",02/11/2019
3187,"03,13,20,26,29,35",29/10/2019
3186,"01,15,19,23,28,32",26/10/2019
3185,"05,14,15,19,20,31",22/10/2019
3184,"04,05,10,16,17,18",19/10/2019
3183,"03,04,06,08,14,35",15/10/2019
3182,"01,05,12,22,34,37",12/10/2019
3181,"08,14,16,26,32,35",10/10/2019
3180,"06,08,12,13,32,35",05/10/2019
3179,"01,22,32,33,35,37",02/10/2019
3178,"03,19,25,30,33,34",28/09/2019
3177,"05,06,07,14,26,37",24/09/2019
3176,"02,11,22,32,35,37",21/09/2019
3175,"02,08,16,19,29,33",17/09/2019
3174,"07,16,17,27,32,37",14/09/2019
3173,"03,12,13,17,18,36",10/09/2019
3172,"06,10,29,32,33,34",07/09/2019
3171,"01,07,10,24,28,37",05/09/2019
3170,"01,04,06,17,20,34",03/09/2019
3169,"01,03,18,21,23,36",31/08/2019
3168,"02,06,09,12,16,18",27/08/2019
3167,"04,05,06,09,20,37",24/08/2019
3166,"09,16,21,25,27,36",20/08/2019
3165,"11,13,17,24,34,36",17/08/2019
3164,"01,13,15,27,31,35",13/08/2019
3163,"11,17,25,33,35,36",11/08/2019
3162,"06,10,22,25,30,37",08/08/2019
3161,"01,14,25,29,30,33",06/08/2019
3160,"11,19,20,27,30,37",03/08/2019
3159,"06,10,11,24,32,36",30/07/2019
3158,"04,13,17,28,35,37",27/07/2019
3157,"01,10,28,31,32,35",23/07/2019
3156,"14,17,25,26,29,35",20/07/2019
3155,"03,04,07,18,22,23",16/07/2019
3154,"13,15,16,28,31,32",13/07/2019
3153,"01,10,12,14,27,29",09/07/2019
3152,"04,18,19,23,24,37",06/07/2019
3151,"08,18,26,29,31,36",04/07/2019
3150,"01,28,29,30,32,34",02/07/2019
3149,"10,11,14,24,27,35",29/06/2019
3148,"17,22,26,28,34,36",25/06/2019
3147,"03,10,11,17,24,36",22/06/2019
3146,"04,11,16,25,35,36",20/06/2019
3145,"01,09,13,19,20,34",18/06/2019
3144,"04,07,08,09,16,31",15/06/2019
3143,"04,13,17,19,25,37",11/06/2019
3142,"03,13,14,20,22,23",09/06/2019
3141,"10,12,15,19,27,28",06/06/2019
3140,"01,06,19,22,25,32",04/06/2019
3139,"04,05,19,24,31,37",01/06/2019
3138,"01,04,11,14,17,22",28/05/2019
3137,"03,10,16,25,29,32",25/05/2019
3136,"17,20,22,24,28,32",21/05/2019
3135,"03,27,29,31,32,33",18/05/2019
3134,"01,08,13,21,25,31",16/05/2019
3133,"01,12,16,20,30,36",14/05/2019
3132,"06,18,19,23,24,28",11/05/2019
3131,"07,08,11,14,16,22",06/05/2019
3130,"09,10,11,13,15,21",04/05/2019
3129,"01,12,17,21,25,26",30/04/2019
3128,"08,19,26,30,31,36",28/04/2019
3127,"02,08,15,27,31,35",23/04/2019
3126,"01,08,15,22,31,35",20/04/2019
3125,"12,13,15,17,25,31",16/04/2019
3124,"10,13,14,19,20,25",13/04/2019
3123,"01,03,06,09,14,28",09/04/2019
3122,"03,04,05,18,23,29",06/04/2019
3121,"04,05,19,25,31,32",04/04/2019
3120,"01,11,17,21,33,34",02/04/2019
3119,"04,06,10,18,22,25",30/03/2019
3118,"01,15,20,22,23,31",26/03/2019
3117,"03,05,07,18,23,27",23/03/2019
3116,"03,22,24,25,28,37",19/03/2019
3115,"07,11,12,25,28,31",16/03/2019
3114,"06,20,25,30,33,35",12/03/2019
3113,"12,14,15,18,20,21",09/03/2019
3112,"11,14,19,20,21,26",07/03/2019
3111,"02,21,25,27,28,36",05/03/2019
3110,"20,25,28,34,36,37",02/03/2019
3109,"05,06,12,16,29,34",26/02/2019
3108,"12,15,21,24,30,32",23/02/2019
3107,"03,09,23,24,25,26",19/02/2019
3106,"03,09,11,13,21,25",16/02/2019
3105,"10,11,17,21,23,32",12/02/2019
3104,"03,07,09,21,22,33",09/02/2019
3103,"04,13,18,22,28,34",07/02/2019
3102,"01,06,12,17,22,26",05/02/2019
3101,"11,18,19,25,35,37",02/02/2019
3100,"01,13,20,25,31,33",29/01/2019
3099,"11,12,26,34,36,37",26/01/2019
3098,"03,10,13,17,33,37",22/01/2019
3097,"04,09,17,26,27,37",19/01/2019
3096,"06,07,17,28,33,36",15/01/2019
3095,"08,15,20,24,25,33",12/01/2019
3094,"05,08,14,15,18,25",08/01/2019
3093,"06,09,13,20,26,36",05/01/2019
3092,"08,14,20,23,24,28",03/01/2019
3091,"07,13,15,16,20,31",01/01/2019
3090,"03,07,11,17,19,31",29/12/2018
3089,"12,13,19,21,35,36",27/12/2018
3088,"06,09,10,11,18,29",25/12/2018
3087,"16,17,19,29,34,37",22/12/2018
3086,"03,16,19,22,25,26",18/12/2018
3085,"01,03,04,13,23,28",15/12/2018
3084,"01,10,18,25,31,36",13/12/2018
3083,"15,21,23,27,36,37",11/12/2018
3082,"08,11,13,18,25,31",08/12/2018
3081,"01,03,07,09,15,22",04/12/2018
3080,"07,08,25,31,32,35",01/12/2018
3079,"03,05,08,18,19,29",27/11/2018
3078,"02,12,14,18,22,25",24/11/2018
3077,"03,05,16,18,21,26",20/11/2018
3076,"06,16,23,24,30,33",17/11/2018
3075,"09,20,25,27,34,37",13/11/2018
3074,"16,18,20,22,24,25",10/11/2018
3073,"08,09,13,14,27,29",06/11/2018
3072,"02,07,09,19,24,25",03/11/2018
3071,"04,08,13,20,27,29",01/11/2018
3070,"06,07,11,17,22,29",30/10/2018
3069,"11,17,19,25,27,28",27/10/2018
3068,"04,16,23,29,35,36",23/10/2018
3067,"07,20,21,25,35,37",20/10/2018
3066,"08,13,14,27,30,37",16/10/2018
3065,"01,05,15,17,23,37",13/10/2018
3064,"06,16,21,27,28,29",09/10/2018
3063,"01,03,13,17,21,32",06/10/2018
3062,"07,14,18,27,34,37",04/10/2018
3061,"04,12,21,24,35,37",02/10/2018
3060,"01,08,15,16,20,31",29/09/2018
3059,"06,13,22,25,29,37",25/09/2018
3058,"07,11,18,20,21,22",22/09/2018
3057,"02,12,16,17,28,36",17/09/2018
3056,"04,08,13,18,21,32",15/09/2018
3055,"07,08,11,20,30,37",12/09/2018
3054,"04,06,20,23,28,34",08/09/2018
3053,"01,04,07,08,12,16",06/09/2018
3052,"07,09,12,16,27,33",04/09/2018
3051,"09,18,24,28,30,36",01/09/2018
3050,"01,04,27,34,36,37",28/08/2018
3049,"10,13,18,26,31,33",25/08/2018
3048,"01,05,11,12,22,27",21/08/2018
3047,"01,03,18,20,23,37",18/08/2018
3046,"07,13,16,18,19,28",14/08/2018
3045,"04,05,08,25,26,33",11/08/2018
3044,"02,06,17,22,30,33",07/08/2018
3043,"09,16,22,23,25,28",04/08/2018
3042,"02,09,11,16,23,35",02/08/2018
3041,"02,14,25,26,32,33",31/07/2018
3040,"06,09,26,29,36,37",28/07/2018
3039,"02,09,15,26,29,35",24/07/2018
3038,"03,11,13,25,28,35",22/07/2018
3037,"13,19,21,27,29,32",17/07/2018
3036,"11,22,27,32,34,36",14/07/2018
3035,"02,07,08,09,10,15",10/07/2018
3034,"08,11,22,29,30,32",07/07/2018
3033,"07,13,15,19,28,36",05/07/2018
3032,"05,07,11,12,28,34",03/07/2018
3031,"02,09,11,13,19,28",30/06/2018
3030,"01,03,29,30,32,37",26/06/2018
3029,"02,09,13,17,21,26",23/06/2018
3028,"19,26,30,31,33,35",21/06/2018
3027,"05,07,11,14,23,36",19/06/2018
3026,"08,10,18,23,29,30",16/06/2018
3025,"05,09,10,12,34,35",12/06/2018
3024,"08,10,14,17,25,34",09/06/2018
3023,"01,03,11,15,26,32",07/06/2018
3022,"01,08,19,22,34,35",05/06/2018
3021,"09,20,22,23,27,32",02/06/2018
3020,"12,13,16,20,21,32",29/05/2018
3019,"18,21,23,25,27,34",26/05/2018
3018,"01,13,26,31,34,37",22/05/2018
3017,"07,10,21,27,33,36",20/05/2018
3016,"02,04,10,14,23,28",15/05/2018
3015,"06,10,18,23,33,36",12/05/2018
3014,"04,08,11,29,34,35",10/05/2018
3013,"02,14,18,23,30,32",08/05/2018
3012,"10,12,22,23,30,37",05/05/2018
3011,"04,06,09,12,32,36",01/05/2018
3010,"04,06,07,10,11,18",28/04/2018
3009,"05,11,16,18,23,26",26/04/2018
3008,"13,15,26,27,29,37",24/04/2018
3007,"06,07,12,22,23,28",21/04/2018
3006,"02,10,11,22,28,33",16/04/2018
3005,"05,11,12,18,28,35",14/04/2018
3004,"01,07,11,22,24,34",10/04/2018
3003,"01,23,26,31,33,37",08/04/2018
3002,"03,10,11,20,24,30",03/04/2018
3001,"01,02,03,13,22,30",31/03/2018
3000,"02,09,17,23,27,31",27/03/2018
2999,"02,05,08,20,22,28",24/03/2018
2998,"05,06,11,13,21,30",20/03/2018
2997,"07,08,10,19,27,37",17/03/2018
2996,"22,24,28,29,30,33",13/03/2018
2995,"03,25,26,30,31,34",10/03/2018
2994,"09,11,15,22,28,32",08/03/2018
2993,"04,11,13,24,25,34",06/03/2018
2992,"01,02,03,10,16,37",03/03/2018
2991,"05,10,12,19,20,25",27/02/2018
2990,"02,06,09,13,35,37",24/02/2018
2989,"05,06,10,12,18,26",20/02/2018
2988,"01,03,05,17,18,26",17/02/2018
2987,"02,05,11,12,15,33",13/02/2018
2986,"04,05,11,16,18,20",10/02/2018
2985,"17,19,20,27,29,33",06/02/2018
2984,"05,13,15,23,28,35",03/02/2018
2983,"02,06,17,21,30,35",01/02/2018
2982,"05,21,22,25,32,36",30/01/2018
2981,"09,16,22,26,28,37",27/01/2018
2980,"07,13,16,17,29,34",23/01/2018
2979,"03,06,11,16,26,34",20/01/2018
2978,"03,12,15,20,23,26",16/01/2018
2977,"07,11,23,30,32,34",13/01/2018
2976,"06,11,13,29,32,34",09/01/2018
2975,"02,06,12,18,26,28",06/01/2018
2974,"01,03,12,23,28,31",04/01/2018
2973,"04,06,07,10,20,28",02/01/2018
2972,"03,06,17,18,34,36",30/12/2017
2971,"06,07,08,17,18,29",28/12/2017
2970,"03,18,19,29,36,37",26/12/2017
2969,"07,09,25,30,31,36",23/12/2017
2968,"03,09,11,12,28,35",19/12/2017
2967,"03,06,10,11,26,29",16/12/2017
2966,"02,10,15,17,25,33",12/12/2017
2965,"10,18,27,30,32,37",09/12/2017
2964,"06,07,18,21,26,33",07/12/2017
2963,"15,20,27,28,29,37",05/12/2017
2962,"04,08,13,17,28,33",02/12/2017
2961,"06,10,14,20,31,37",28/11/2017
2960,"06,16,21,25,32,33",25/11/2017
2959,"01,06,08,17,19,24",21/11/2017
2958,"16,22,27,29,33,36",18/11/2017
2957,"20,23,27,28,30,34",14/11/2017
2956,"01,08,10,12,29,34",11/11/2017
2955,"01,06,23,33,34,36",07/11/2017
2954,"06,08,24,28,30,35",04/11/2017
2953,"03,06,09,14,16,35",02/11/2017
2952,"01,06,07,12,34,35",31/10/2017
2951,"23,25,28,30,31,34",28/10/2017
2950,"02,03,12,22,25,27",24/10/2017
2949,"15,20,24,25,29,30",21/10/2017
2948,"08,15,21,23,29,37",19/10/2017
2947,"06,18,26,31,34,37",17/10/2017
2946,"12,18,20,23,25,37",14/10/2017
2945,"04,05,11,27,32,37",10/10/2017
2944,"02,04,12,28,30,32",07/10/2017
2943,"01,02,15,28,29,32",03/10/2017
2942,"03,10,18,20,24,33",01/10/2017
2941,"05,16,20,24,29,34",26/09/2017
2940,"06,08,11,23,25,32",24/09/2017
2939,"02,04,05,09,12,27",19/09/2017
2938,"09,20,21,24,25,37",16/09/2017
2937,"05,06,09,11,15,23",12/09/2017
2936,"07,12,15,18,23,28",09/09/2017
2935,"13,20,25,28,29,30",07/09/2017
2934,"03,06,13,15,28,31",05/09/2017
2933,"01,08,14,21,25,31",02/09/2017
2932,"01,03,22,26,29,36",29/08/2017
2931,"05,10,15,22,25,33",26/08/2017
2930,"12,13,25,27,31,33",24/08/2017
2929,"05,08,10,26,29,35",22/08/2017
2928,"06,17,28,30,32,33",19/08/2017
2927,"06,08,12,14,28,34",15/08/2017
2926,"20,22,29,31,32,33",12/08/2017
2925,"13,17,26,31,35,37",08/08/2017
2924,"04,07,11,12,15,37",05/08/2017
2923,"06,09,21,31,34,35",03/08/2017
2922,"04,10,17,23,28,37",01/08/2017
2921,"01,05,26,31,34,35",29/07/2017
2920,"12,14,19,27,31,34",25/07/2017
2919,"06,07,11,12,23,30",22/07/2017
2918,"07,10,14,17,27,29",18/07/2017
2917,"03,10,20,22,33,37",15/07/2017
2916,"03,05,08,11,22,33",11/07/2017
2915,"09,18,22,24,27,34",08/07/2017
2914,"11,21,22,24,26,30",06/07/2017
2913,"04,08,15,24,36,37",04/07/2017
2912,"19,20,21,24,34,35",01/07/2017
2911,"08,09,14,22,32,33",27/06/2017
2910,"02,03,08,11,26,29",24/06/2017
2909,"02,09,17,19,34,35",20/06/2017
2908,"04,07,10,20,22,26",17/06/2017
2907,"06,12,23,25,26,35",15/06/2017
2906,"04,19,22,28,31,33",13/06/2017
2905,"03,05,10,13,26,27",10/06/2017
2904,"08,18,21,22,26,33",06/06/2017
2903,"10,11,14,17,19,26",03/06/2017
2902,"01,09,14,15,19,25",31/05/2017
2901,"10,13,15,22,32,33",27/05/2017
2900,"02,08,17,20,27,31",23/05/2017
2899,"01,03,08,10,11,31",20/05/2017
2898,"08,13,27,28,30,36",16/05/2017
2897,"03,20,24,27,32,37",13/05/2017
2896,"05,06,18,19,21,36",11/05/2017
2895,"01,07,11,15,20,30",09/05/2017
2894,"02,07,11,23,25,29",06/05/2017
2893,"05,06,07,16,17,33",03/05/2017
2892,"19,21,24,25,30,36",29/04/2017
2891,"04,08,11,13,24,32",25/04/2017
2890,"09,20,27,28,30,34",22/04/2017
2889,"02,08,10,16,18,27",18/04/2017
2888,"03,06,12,25,28,36",15/04/2017
2887,"04,07,10,22,27,36",12/04/2017
2886,"07,11,18,21,25,29",08/04/2017
2885,"05,06,07,24,27,32",06/04/2017
2884,"04,05,16,24,33,34",04/04/2017
2883,"06,14,15,18,22,36",01/04/2017
2882,"13,15,21,23,30,36",28/03/2017
2881,"14,15,16,24,32,36",25/03/2017
2880,"03,08,10,11,26,36",23/03/2017
2879,"03,10,13,18,25,26",21/03/2017
2878,"03,11,22,24,33,36",18/03/2017
2877,"13,20,26,30,31,34",14/03/2017
2876,"11,13,18,20,25,29",11/03/2017
2875,"10,11,17,19,26,30",07/03/2017
2874,"03,08,09,12,27,33",04/03/2017
2873,"05,07,13,15,18,23",28/02/2017
2872,"01,06,18,24,28,35",25/02/2017
2871,"03,27,28,30,31,35",21/02/2017
2870,"06,08,14,19,20,37",18/02/2017
2869,"16,18,19,30,31,32",14/02/2017
2868,"12,15,17,18,22,26",11/02/2017
2867,"05,12,16,22,27,31",07/02/2017
2866,"04,22,24,25,26,29",04/02/2017
2865,"01,06,11,14,17,27",31/01/2017
2864,"05,08,11,16,22,29",28/01/2017
2863,"10,13,16,17,26,34",24/01/2017
2862,"08,09,12,13,29,34",21/01/2017
2861,"03,09,14,15,21,22",17/01/2017
2860,"05,07,10,15,26,37",14/01/2017
2859,"14,15,19,31,34,35",10/01/2017
2858,"05,06,09,17,24,31",07/01/2017
2857,"01,03,06,27,29,33",03/01/2017
2856,"11,13,27,30,32,34",31/12/2016
2855,"08,10,12,24,25,29",27/12/2016
2854,"05,08,21,28,31,35",24/12/2016
2853,"01,03,04,10,16,17",20/12/2016
2852,"01,02,10,12,26,29",17/12/2016
2851,"04,12,16,28,29,31",13/12/2016
2850,"08,09,15,21,26,29",10/12/2016
2849,"02,05,09,13,26,29",06/12/2016
2848,"06,16,20,25,26,27",03/12/2016
2847,"01,08,20,25,33,37",29/11/2016
2846,"01,12,13,29,32,36",26/11/2016
2845,"02,03,05,08,23,29",22/11/2016
2844,"13,16,19,22,25,31",19/11/2016
2843,"02,11,21,22,26,32",15/11/2016
2842,"02,14,16,18,32,37",12/11/2016
2841,"04,11,12,26,28,29",08/11/2016
2840,"03,09,13,16,22,34",05/11/2016
2839,"12,18,20,21,29,35",01/11/2016
2838,"04,16,21,23,24,27",29/10/2016
2837,"04,16,19,25,29,37",25/10/2016
2836,"01,06,12,14,36,37",22/10/2016
2835,"04,05,09,12,16,29",18/10/2016
2834,"09,20,22,23,24,29",15/10/2016
2833,"03,08,17,20,22,30",10/10/2016
2832,"01,09,10,21,24,32",08/10/2016
2831,"09,11,14,16,27,37",05/10/2016
2830,"14,20,23,25,26,35",01/10/2016
2829,"05,11,18,20,30,35",27/09/2016
2828,"09,15,17,25,27,32",24/09/2016
2827,"05,09,19,21,22,34",20/09/2016
2826,"11,14,22,26,27,33",17/09/2016
2825,"01,10,11,12,18,19",13/09/2016
2824,"05,07,10,13,24,33",10/09/2016
2823,"07,13,14,28,29,35",06/09/2016
2822,"01,04,16,26,28,37",03/09/2016
2821,"03,11,12,15,21,26",30/08/2016
2820,"12,13,15,20,21,32",27/08/2016
2819,"04,06,18,26,29,34",23/08/2016
2818,"03,04,05,27,30,36",20/08/2016
2817,"01,02,32,34,36,37",16/08/2016
2816,"01,03,15,27,31,35",14/08/2016
2815,"06,08,09,14,16,17",09/08/2016
2814,"01,25,34,35,36,37",06/08/2016
2813,"07,26,28,30,31,34",02/08/2016
2812,"02,12,20,28,30,33",30/07/2016
2811,"10,13,16,24,27,37",26/07/2016
2810,"01,09,15,20,23,28",23/07/2016
2809,"05,10,13,17,25,36",19/07/2016
2808,"04,06,15,24,31,37",16/07/2016
2807,"06,14,18,26,29,36",12/07/2016
2806,"01,02,05,16,24,34",09/07/2016
2805,"07,12,18,22,32,36",05/07/2016
2804,"03,07,10,21,33,35",02/07/2016
2803,"11,12,18,19,32,37",28/06/2016
2802,"02,12,21,23,28,31",25/06/2016
2801,"07,11,19,25,28,37",21/06/2016
2800,"12,14,16,29,32,37",18/06/2016
2799,"05,06,09,12,26,34",14/06/2016
2798,"01,20,23,24,26,32",12/06/2016
2797,"08,09,21,22,26,37",07/06/2016
2796,"05,08,17,31,32,37",04/06/2016
2795,"01,05,07,18,25,36",31/05/2016
2794,"04,06,14,22,28,29",28/05/2016
2793,"08,12,15,24,28,33",24/05/2016
2792,"03,05,06,13,26,29",21/05/2016
2791,"02,04,14,19,20,33",17/05/2016
2790,"13,17,20,26,35,37",14/05/2016
2789,"05,06,10,20,26,29",10/05/2016
2788,"01,09,20,25,27,31",07/05/2016
2787,"05,22,25,33,35,36",03/05/2016
2786,"02,06,08,14,29,34",01/05/2016
2785,"12,13,20,25,27,30",26/04/2016
2784,"02,05,06,14,22,32",23/04/2016
2783,"03,07,12,22,27,36",19/04/2016
2782,"07,13,19,32,35,37",16/04/2016
2781,"02,07,10,18,24,26",12/04/2016
2780,"05,08,11,20,29,36",09/04/2016
2779,"04,08,16,20,21,36",05/04/2016
2778,"03,15,26,28,32,33",02/04/2016
2777,"01,10,11,13,18,25",29/03/2016
2776,"06,10,14,15,26,36",26/03/2016
2775,"09,16,22,27,31,32",22/03/2016
2774,"06,09,17,26,27,36",19/03/2016
2773,"07,15,17,18,20,32",15/03/2016
2772,"01,05,14,21,27,30",12/03/2016
2771,"05,19,23,25,30,31",08/03/2016
2770,"01,02,07,08,09,26",05/03/2016
2769,"07,15,17,19,27,30",01/03/2016
2768,"03,18,19,22,24,26",27/02/2016
2767,"06,10,25,31,35,37",23/02/2016
2766,"02,05,21,29,34,37",20/02/2016
2765,"08,14,16,20,24,30",16/02/2016
2764,"02,13,14,19,21,30",13/02/2016
2763,"02,10,14,15,21,29",09/02/2016
2762,"01,04,11,19,30,32",06/02/2016
2761,"01,13,19,22,34,35",02/02/2016
2760,"08,09,11,12,13,22",30/01/2016
2759,"17,18,25,28,30,34",26/01/2016
2758,"05,16,18,23,24,26",23/01/2016
2757,"06,19,24,25,26,37",19/01/2016
2756,"01,08,13,27,32,37",16/01/2016
2755,"01,04,05,16,21,29",12/01/2016
2754,"03,12,14,24,32,34",09/01/2016
2753,"03,15,17,20,21,37",05/01/2016
2752,"01,13,15,30,31,32",02/01/2016
2751,"04,07,13,16,17,27",29/12/2015
2750,"14,21,27,31,32,35",26/12/2015
2749,"02,11,13,17,25,27",22/12/2015
2748,"01,11,13,25,27,29",19/12/2015
2747,"03,06,09,10,17,36",15/12/2015
2746,"04,09,10,12,13,29",12/12/2015
2745,"06,10,15,18,27,34",08/12/2015
2744,"04,17,18,23,25,28",05/12/2015
2743,"02,09,18,23,29,33",01/12/2015
2742,"07,19,27,29,34,35",28/11/2015
2741,"06,08,21,25,30,35",24/11/2015
2740,"07,09,14,21,26,34",21/11/2015
2739,"03,05,06,19,23,35",17/11/2015
2738,"10,17,18,22,24,29",14/11/2015
2737,"03,04,10,11,30,32",10/11/2015
2736,"18,19,29,34,35,36",07/11/2015
2735,"10,12,19,25,26,36",03/11/2015
2734,"14,20,22,26,31,37",31/10/2015
2733,"02,20,26,27,28,30",27/10/2015
2732,"09,13,15,20,25,36",24/10/2015
2731,"01,06,09,10,12,17",20/10/2015
2730,"02,03,13,21,22,31",17/10/2015
2729,"01,06,15,17,20,32",13/10/2015
2728,"05,06,16,17,20,22",10/10/2015
2727,"02,08,12,14,17,21",06/10/2015
2726,"09,17,23,28,30,36",03/10/2015
2725,"12,15,18,20,23,29",29/09/2015
2724,"05,06,08,11,20,27",26/09/2015
2723,"05,12,13,33,35,36",21/09/2015
2722,"01,08,11,23,30,35",19/09/2015
2721,"11,14,18,20,22,33",16/09/2015
2720,"06,09,15,23,24,28",12/09/2015
2719,"19,21,22,24,30,37",08/09/2015
2718,"05,06,10,15,28,29",05/09/2015
2717,"10,18,22,27,31,35",01/09/2015
2716,"05,07,08,15,19,26",29/08/2015
2715,"01,08,11,17,25,30",25/08/2015
2714,"16,17,18,20,28,35",22/08/2015
2713,"04,07,12,14,17,34",18/08/2015
2712,"03,07,14,24,27,28",15/08/2015
2711,"05,08,16,21,34,35",11/08/2015
2710,"02,06,17,29,31,35",08/08/2015
2709,"13,21,22,26,29,34",04/08/2015
2708,"05,07,09,17,19,29",01/08/2015
2707,"24,27,30,34,35,37",28/07/2015
2706,"07,09,16,23,29,30",26/07/2015
2705,"16,21,27,28,32,37",21/07/2015
2704,"02,03,11,18,25,27",18/07/2015
2703,"02,16,21,26,33,34",14/07/2015
2702,"05,15,22,23,25,29",11/07/2015
2701,"01,06,09,13,23,35",07/07/2015
2700,"02,14,22,23,25,28",04/07/2015
2699,"11,13,20,29,30,37",30/06/2015
2698,"02,06,13,16,27,33",27/06/2015
2697,"08,11,18,21,24,30",23/06/2015
2696,"03,05,07,13,17,28",20/06/2015
2695,"17,18,20,21,26,32",16/06/2015
2694,"03,04,14,18,32,35",13/06/2015
2693,"03,08,10,12,28,37",09/06/2015
2692,"04,06,08,18,27,37",06/06/2015
2691,"04,17,18,24,27,36",02/06/2015
2690,"06,08,11,23,32,35",30/05/2015
2689,"02,05,10,12,18,26",26/05/2015
2688,"04,11,18,22,29,31",24/05/2015
2687,"15,18,22,23,26,34",19/05/2015
2686,"06,08,18,22,29,37",16/05/2015
2685,"01,13,23,24,30,31",12/05/2015
2684,"05,16,22,23,24,33",09/05/2015
2683,"06,10,12,15,27,33",05/05/2015
2682,"01,03,08,12,19,30",02/05/2015
2681,"06,09,18,23,26,33",28/04/2015
2680,"01,15,17,31,32,34",25/04/2015
2679,"01,11,13,15,18,25",21/04/2015
2678,"11,12,18,24,31,33",18/04/2015
2677,"01,02,04,09,12,16",14/04/2015
2676,"02,09,11,13,29,33",12/04/2015
2675,"11,12,15,22,23,29",07/04/2015
2674,"07,32,33,34,35,36",04/04/2015
2673,"05,13,16,18,23,26",31/03/2015
2672,"05,13,21,22,25,28",28/03/2015
2671,"02,03,05,10,26,27",24/03/2015
2670,"11,15,17,27,33,37",21/03/2015
2669,"11,15,22,29,35,37",17/03/2015
2668,"14,15,18,22,23,29",14/03/2015
2667,"06,10,15,19,36,37",10/03/2015
2666,"03,14,15,19,26,33",07/03/2015
2665,"02,10,11,13,22,37",03/03/2015
2664,"11,13,22,29,31,33",28/02/2015
2663,"10,16,22,30,35,36",24/02/2015
2662,"04,14,16,22,28,33",21/02/2015
2661,"03,13,14,18,28,30",17/02/2015
2660,"08,11,13,20,22,25",14/02/2015
2659,"01,06,10,22,24,26",10/02/2015
2658,"08,12,17,21,27,30",07/02/2015
2657,"08,12,21,24,25,27",03/02/2015
2656,"01,10,16,28,29,32",31/01/2015
2655,"04,06,13,19,33,35",27/01/2015
2654,"04,11,19,28,31,34",24/01/2015
2653,"11,24,30,34,35,37",20/01/2015
2652,"01,07,11,17,36,37",17/01/2015
2651,"04,08,17,20,25,30",13/01/2015
2650,"03,08,10,15,30,33",10/01/2015
2649,"04,13,22,25,28,30",06/01/2015
2648,"09,20,22,23,29,31",03/01/2015
2647,"01,02,05,12,34,35",30/12/2014
2646,"04,05,18,20,28,36",27/12/2014
2645,"07,09,20,24,28,35",23/12/2014
2644,"06,12,25,27,30,37",20/12/2014
2643,"09,12,25,29,34,36",16/12/2014
2642,"02,09,27,29,32,36",13/12/2014
2641,"05,07,10,15,22,35",09/12/2014
2640,"03,20,28,31,33,37",06/12/2014
2639,"01,02,09,11,15,21",02/12/2014
2638,"02,10,14,17,28,34",29/11/2014
2637,"02,09,13,16,28,29",25/11/2014
2636,"04,06,10,11,14,25",22/11/2014
2635,"01,03,29,30,33,35",18/11/2014
2634,"04,08,09,23,25,31",15/11/2014
2633,"03,11,18,25,33,36",11/11/2014
2632,"07,16,18,21,23,36",08/11/2014
2631,"02,19,28,29,34,36",04/11/2014
2630,"01,02,05,15,27,31",01/11/2014
2629,"12,15,20,30,33,37",28/10/2014
2628,"02,05,06,10,19,29",25/10/2014
2627,"05,07,09,11,24,29",21/10/2014
2626,"09,10,11,12,21,32",18/10/2014
2625,"05,10,17,23,32,36",14/10/2014
2624,"02,06,11,16,27,34",11/10/2014
2623,"08,10,15,23,26,34",07/10/2014
2622,"01,09,10,21,26,37",05/10/2014
2621,"08,13,17,18,34,36",30/09/2014
2620,"13,17,19,26,30,36",28/09/2014
2619,"07,09,10,34,35,36",23/09/2014
2618,"07,19,20,25,31,34",20/09/2014
2617,"03,08,11,19,26,35",16/09/2014
2616,"01,04,12,18,31,37",13/09/2014
2615,"02,12,14,27,29,32",09/09/2014
2614,"03,15,24,25,26,35",06/09/2014
2613,"06,10,18,27,35,36",02/09/2014
2612,"02,09,28,31,32,35",30/08/2014
2611,"02,07,10,23,26,35",26/08/2014
2610,"05,15,20,25,27,32",23/08/2014
2609,"04,16,30,32,34,36",19/08/2014
2608,"02,05,07,16,22,37",16/08/2014
2607,"03,15,21,28,30,32",12/08/2014
2606,"04,11,13,20,32,35",09/08/2014
2605,"05,09,21,23,28,33",05/08/2014
2604,"06,13,14,21,23,26",02/08/2014
2603,"03,05,08,16,17,20",29/07/2014
2602,"02,03,28,30,33,35",26/07/2014
2601,"02,10,12,23,30,33",22/07/2014
2600,"04,11,27,32,34,37",19/07/2014
2599,"07,14,20,27,29,31",15/07/2014
2598,"04,11,12,13,20,27",12/07/2014
2597,"02,05,18,19,20,31",08/07/2014
2596,"01,10,17,21,22,31",05/07/2014
2595,"05,13,17,26,29,33",01/07/2014
2594,"01,02,06,19,29,33",28/06/2014
2593,"07,08,15,30,33,34",24/06/2014
2592,"08,11,22,33,34,35",21/06/2014
2591,"07,08,15,18,29,34",17/06/2014
2590,"13,15,24,25,30,32",14/06/2014
2589,"06,08,09,25,29,37",10/06/2014
2588,"04,09,10,14,19,35",07/06/2014
2587,"11,17,19,31,36,37",04/06/2014
2586,"05,11,12,13,15,22",31/05/2014
2585,"03,04,06,18,26,29",27/05/2014
2584,"05,10,19,25,32,35",24/05/2014
2583,"02,06,12,26,30,35",20/05/2014
2582,"01,03,11,16,20,35",17/05/2014
2581,"03,11,17,20,31,32",13/05/2014
2580,"01,02,03,04,07,25",10/05/2014
2579,"06,08,09,17,29,30",07/05/2014
2578,"20,22,28,31,35,36",03/05/2014
2577,"03,05,09,14,22,23",29/04/2014
2576,"02,04,13,16,29,34",26/04/2014
2575,"01,03,05,16,26,30",22/04/2014
2574,"02,03,20,31,35,37",19/04/2014
2573,"04,09,23,28,34,36",16/04/2014
2572,"11,16,19,24,27,35",12/04/2014
2571,"10,21,28,30,31,35",08/04/2014
2570,"02,12,18,28,33,34",05/04/2014
2569,"15,17,23,25,30,35",01/04/2014
2568,"04,13,24,25,32,34",29/03/2014
2567,"03,06,16,28,32,33",25/03/2014
2566,"03,04,23,26,31,35",22/03/2014
2565,"04,09,12,14,17,29",18/03/2014
2564,"07,17,24,29,36,37",15/03/2014
2563,"01,03,06,09,34,37",11/03/2014
2562,"17,21,23,24,26,35",08/03/2014
2561,"03,06,17,23,27,32",04/03/2014
2560,"04,08,09,22,29,33",01/03/2014
2559,"05,06,11,21,22,28",25/02/2014
2558,"03,08,23,26,28,29",22/02/2014
2557,"03,07,14,21,27,37",18/02/2014
2556,"01,06,10,16,21,22",15/02/2014
2555,"02,05,18,20,23,29",11/02/2014
2554,"16,22,26,29,36,37",08/02/2014
2553,"01,02,04,28,29,31",04/02/2014
2552,"01,05,12,22,24,27",01/02/2014
2551,"20,24,26,28,32,33",28/01/2014
2550,"13,15,26,28,29,36",25/01/2014
2549,"18,22,30,34,35,37",21/01/2014
2548,"01,11,15,16,23,32",18/01/2014
2547,"02,08,10,13,35,37",14/01/2014
2546,"01,03,04,22,28,36",11/01/2014
2545,"12,13,18,31,32,36",07/01/2014
2544,"07,09,13,18,21,22",04/01/2014
2543,"07,09,10,22,24,33",31/12/2013
2542,"04,14,16,21,33,36",28/12/2013
2541,"09,18,25,30,33,37",24/12/2013
2540,"05,20,21,26,30,35",21/12/2013
2539,"13,15,17,24,26,27",17/12/2013
2538,"05,11,25,26,29,36",14/12/2013
2537,"01,08,12,19,26,27",10/12/2013
2536,"01,03,11,13,21,28",07/12/2013
2535,"02,10,16,26,27,30",03/12/2013
2534,"11,21,29,33,35,37",30/11/2013
2533,"11,14,19,21,26,33",26/11/2013
2532,"01,09,17,29,30,37",23/11/2013
2531,"04,06,10,17,28,32",19/11/2013
2530,"07,19,22,28,30,33",16/11/2013
2529,"14,22,24,33,35,36",12/11/2013
2528,"03,04,24,27,31,36",09/11/2013
2527,"01,10,12,19,35,36",05/11/2013
2526,"02,08,12,19,26,27",02/11/2013
2525,"01,07,10,21,28,30",29/10/2013
2524,"01,02,07,12,29,33",26/10/2013
2523,"11,17,21,23,26,27",22/10/2013
2522,"06,13,15,22,23,37",19/10/2013
2521,"05,08,10,20,34,37",15/10/2013
2520,"03,08,16,19,25,27",12/10/2013
2519,"03,07,13,17,18,28",08/10/2013
2518,"02,04,12,27,34,37",05/10/2013
2517,"10,11,19,21,23,29",01/10/2013
2516,"03,09,14,20,34,35",28/09/2013
2515,"11,21,22,23,28,37",24/09/2013
2514,"03,08,17,19,24,33",21/09/2013
2513,"17,20,26,28,30,33",17/09/2013
2512,"01,03,04,06,12,13",15/09/2013
2511,"03,13,24,27,33,35",10/09/2013
2510,"02,06,16,28,35,37",08/09/2013
2509,"08,14,27,29,33,37",03/09/2013
2508,"07,12,16,22,24,25",31/08/2013
2507,"04,16,17,19,30,34",27/08/2013
2506,"06,10,11,15,19,24",24/08/2013
2505,"08,13,16,17,29,37",20/08/2013
2504,"05,09,17,19,33,35",17/08/2013
2503,"01,05,14,19,26,28",13/08/2013
2502,"01,03,18,19,35,37",10/08/2013
2501,"02,03,04,27,30,32",06/08/2013
2500,"05,08,09,17,24,32",03/08/2013
2499,"13,14,26,29,31,35",30/07/2013
2498,"08,09,11,16,31,34",27/07/2013
2497,"08,13,23,26,27,29",23/07/2013
2496,"03,07,08,24,34,36",20/07/2013
2495,"04,11,12,15,30,33",16/07/2013
2494,"12,18,19,28,29,34",13/07/2013
2493,"07,16,19,21,31,36",09/07/2013
2492,"04,19,27,30,31,35",06/07/2013
2491,"04,10,15,24,28,29",02/07/2013
2490,"08,10,17,18,35,37",29/06/2013
2489,"04,21,22,23,27,35",25/06/2013
2488,"03,06,07,10,16,30",22/06/2013
2487,"03,09,10,22,28,33",18/06/2013
2486,"11,15,21,29,31,36",15/06/2013
2485,"03,21,25,26,36,37",11/06/2013
2484,"04,06,17,19,21,36",08/06/2013
2483,"13,17,21,27,29,31",04/06/2013
2482,"12,19,21,23,26,35",01/06/2013
2481,"02,11,16,18,26,36",28/05/2013
2480,"03,09,21,26,29,37",25/05/2013
2479,"08,10,14,17,20,34",21/05/2013
2478,"02,04,24,25,32,34",18/05/2013
2477,"03,07,15,19,24,33",15/05/2013
2476,"07,20,26,33,34,35",11/05/2013
2475,"10,19,20,24,28,33",07/05/2013
2474,"01,04,06,09,25,35",04/05/2013
2473,"01,02,03,10,16,29",30/04/2013
2472,"12,13,28,33,35,37",27/04/2013
2471,"02,07,12,19,27,37",23/04/2013
2470,"18,20,25,27,32,36",20/04/2013
2469,"01,26,28,32,33,35",17/04/2013
2468,"01,11,15,24,27,34",13/04/2013
2467,"11,20,21,22,25,36",09/04/2013
2466,"08,12,13,27,28,34",06/04/2013
2465,"01,08,12,19,30,35",02/04/2013
2464,"08,10,12,15,19,30",30/03/2013
2463,"03,04,07,21,33,37",27/03/2013
2462,"06,12,13,24,27,29",23/03/2013
2461,"01,08,09,18,19,20",19/03/2013
2460,"17,25,29,30,33,37",16/03/2013
2459,"02,14,27,28,32,34",12/03/2013
2458,"07,09,13,14,30,33",09/03/2013
2457,"05,13,19,22,28,33",05/03/2013
2456,"03,04,26,30,34,37",02/03/2013
2455,"03,09,13,17,25,37",26/02/2013
2454,"13,16,24,31,35,36",23/02/2013
2453,"04,23,25,30,32,35",19/02/2013
2452,"06,08,14,20,25,29",16/02/2013
2451,"01,15,17,21,34,37",12/02/2013
2450,"04,20,21,26,35,37",09/02/2013
2449,"03,05,10,17,30,32",05/02/2013
2448,"01,09,11,20,25,27",02/02/2013
2447,"09,16,18,30,32,33",29/01/2013
2446,"06,09,13,17,29,34",26/01/2013
2445,"01,06,14,20,29,36",22/01/2013
2444,"10,12,26,27,31,36",19/01/2013
2443,"05,13,14,16,18,21",15/01/2013
2442,"01,03,11,25,33,34",12/01/2013
2441,"09,16,17,20,32,33",08/01/2013
2440,"07,10,12,19,25,36",05/01/2013
2439,"05,11,12,13,15,20",01/01/2013
2438,"11,13,18,26,27,36",29/12/2012
2437,"01,04,05,07,18,23",25/12/2012
2436,"07,16,28,31,33,35",22/12/2012
2435,"06,09,24,25,33,34",20/12/2012
2434,"08,14,18,22,25,31",18/12/2012
2433,"07,10,17,23,24,31",15/12/2012
2432,"02,09,15,22,31,33",11/12/2012
2431,"03,10,11,13,26,37",08/12/2012
2430,"05,06,09,26,32,35",06/12/2012
2429,"02,03,06,19,25,27",04/12/2012
2428,"02,08,12,31,34,35",01/12/2012
2427,"12,14,19,20,23,25",27/11/2012
2426,"08,11,25,30,31,33",24/11/2012
2425,"04,05,21,30,36,37",20/11/2012
2424,"02,12,13,16,23,25",17/11/2012
2423,"06,08,14,25,26,31",13/11/2012
2422,"12,15,24,26,31,33",10/11/2012
2421,"11,19,21,22,26,30",06/11/2012
2420,"01,08,10,12,16,26",03/11/2012
2419,"02,07,10,11,29,32",01/11/2012
2418,"05,07,14,15,16,35",30/10/2012
2417,"03,09,15,24,30,35",27/10/2012
2416,"01,03,07,18,28,34",23/10/2012
2415,"06,17,22,24,26,31",20/10/2012
2414,"02,03,06,20,21,30",18/10/2012
2413,"07,10,11,19,23,25",16/10/2012
2412,"03,09,14,19,27,31",13/10/2012
2411,"02,04,07,24,32,36",09/10/2012
2410,"02,08,16,23,29,36",06/10/2012
2409,"01,08,20,21,33,37",02/10/2012
2408,"04,08,27,30,34,36",29/09/2012
2407,"02,12,20,22,24,32",27/09/2012
2406,"12,13,16,18,35,37",22/09/2012
2405,"11,19,22,23,25,36",20/09/2012
2404,"02,06,12,16,21,26",15/09/2012
2403,"03,05,10,11,12,21",11/09/2012
2402,"08,23,26,31,34,35",08/09/2012
2401,"09,13,21,22,24,31",06/09/2012
2400,"03,07,15,29,31,34",04/09/2012
2399,"02,03,18,20,26,35",01/09/2012
2398,"02,06,19,29,36,37",28/08/2012
2397,"07,11,26,27,28,34",25/08/2012
2396,"06,07,17,18,25,35",21/08/2012
2395,"04,12,16,21,26,30",18/08/2012
2394,"05,08,25,29,30,31",14/08/2012
2393,"09,16,21,24,26,33",11/08/2012
2392,"01,15,21,23,26,36",07/08/2012
2391,"04,12,19,23,27,31",04/08/2012
2390,"03,08,30,34,35,36",02/08/2012
2389,"01,05,11,18,26,30",31/07/2012
2388,"03,15,26,27,36,37",27/07/2012
2387,"01,11,21,25,26,31",24/07/2012
2386,"04,08,21,22,24,29",21/07/2012
2385,"09,15,25,26,28,32",17/07/2012
2384,"02,11,12,18,24,26",14/07/2012
2383,"07,20,23,24,25,36",10/07/2012
2382,"04,08,14,21,27,37",07/07/2012
2381,"05,08,11,21,35,37",05/07/2012
2380,"09,15,25,30,32,33",03/07/2012
2379,"03,08,09,10,16,36",30/06/2012
2378,"01,02,14,15,28,31",26/06/2012
2377,"10,12,18,21,25,35",23/06/2012
2376,"06,07,11,30,33,35",21/06/2012
2375,"02,05,14,21,36,37",19/06/2012
2374,"01,02,03,16,28,30",16/06/2012
2373,"05,07,11,24,26,30",12/06/2012
2372,"01,06,25,29,33,34",09/06/2012
2371,"05,10,12,20,22,31",07/06/2012
2370,"07,21,26,31,32,35",05/06/2012
2369,"02,08,12,17,21,24",02/06/2012
2368,"03,08,10,23,24,34",29/05/2012
2367,"14,19,30,34,35,36",27/05/2012
2366,"09,11,21,25,26,32",22/05/2012
2365,"05,06,07,16,23,36",19/05/2012
2364,"04,05,18,23,32,36",15/05/2012
2363,"01,02,03,14,23,29",12/05/2012
2362,"02,21,22,23,28,30",08/05/2012
2361,"18,22,25,26,27,33",05/05/2012
2360,"04,15,17,20,21,25",03/05/2012
2359,"08,09,19,27,28,33",01/05/2012
2358,"05,17,19,22,25,32",28/04/2012
2357,"01,02,09,12,26,29",23/04/2012
2356,"01,08,21,23,28,32",21/04/2012
2355,"03,05,07,27,35,36",17/04/2012
2354,"03,11,12,15,22,33",15/04/2012
2353,"01,08,14,21,23,31",10/04/2012
2352,"07,16,17,18,20,36",08/04/2012
2351,"08,13,15,21,23,26",03/04/2012
2350,"06,08,09,11,17,31",31/03/2012
2349,"08,12,13,16,30,37",29/03/2012
2348,"03,05,12,23,24,32",27/03/2012
2347,"01,03,05,11,19,24",24/03/2012
2346,"02,14,15,23,27,31",20/03/2012
2345,"01,04,14,23,29,30",17/03/2012
2344,"02,03,10,11,28,34",13/03/2012
2343,"12,19,23,30,35,37",10/03/2012
2342,"06,13,14,22,28,29",06/03/2012
2341,"02,07,08,14,31,34",03/03/2012
2340,"11,13,24,26,29,34",01/03/2012
2339,"02,10,14,32,34,36",28/02/2012
2338,"01,05,11,13,21,35",25/02/2012
2337,"18,21,22,23,25,36",21/02/2012
2336,"03,05,07,08,32,37",18/02/2012
2335,"07,10,22,23,27,36",14/02/2012
2334,"02,04,25,30,33,37",11/02/2012
2333,"01,02,17,19,29,32",07/02/2012
2332,"15,16,17,25,27,30",04/02/2012
2331,"14,17,29,31,32,35",02/02/2012
2330,"08,15,20,26,27,34",31/01/2012
2329,"08,12,18,20,29,32",28/01/2012
2328,"03,10,15,24,28,37",24/01/2012
2327,"14,16,27,28,32,36",21/01/2012
2326,"02,19,22,25,26,28",17/01/2012
2325,"05,10,14,25,27,33",14/01/2012
2324,"07,10,16,21,25,28",10/01/2012
2323,"01,02,20,21,25,28",07/01/2012
2322,"03,23,25,28,29,33",05/01/2012
2321,"07,25,27,31,32,34",03/01/2012
2320,"02,03,08,15,19,34",31/12/2011
2319,"05,06,07,12,33,36",27/12/2011
2318,"01,03,13,14,17,36",24/12/2011
2317,"04,16,21,26,28,30",20/12/2011
2316,"06,07,22,30,31,36",17/12/2011
2315,"02,04,05,11,15,24",13/12/2011
2314,"03,10,23,27,32,37",11/12/2011
2313,"06,13,15,17,19,35",06/12/2011
2312,"07,08,20,26,30,34",03/12/2011
2311,"12,21,25,27,29,31",29/11/2011
2310,"02,07,10,20,23,32",26/11/2011
2309,"15,16,20,24,28,35",22/11/2011
2308,"15,19,22,29,33,37",19/11/2011
2307,"02,04,05,07,24,33",15/11/2011
2306,"03,12,16,21,26,36",12/11/2011
2305,"01,02,14,15,18,32",08/11/2011
2304,"06,15,20,25,28,30",05/11/2011
2303,"02,15,17,18,20,34",01/11/2011
2302,"02,07,09,14,23,24",29/10/2011
2301,"10,13,20,35,36,37",25/10/2011
2300,"09,18,20,31,32,37",23/10/2011
2299,"02,04,17,20,26,34",18/10/2011
2298,"07,12,15,27,33,37",15/10/2011
2297,"01,03,04,07,20,34",11/10/2011
2296,"03,09,12,17,24,30",09/10/2011
2295,"05,08,10,16,19,31",04/10/2011
2294,"12,16,24,29,33,35",02/10/2011
2293,"03,05,10,11,34,36",27/09/2011
2292,"04,15,16,17,35,37",24/09/2011
2291,"09,13,16,17,34,35",20/09/2011
2290,"15,18,21,29,31,34",17/09/2011
2289,"15,19,29,31,34,35",13/09/2011
2288,"10,11,14,19,20,29",10/09/2011
2287,"06,07,12,18,25,26",06/09/2011
2286,"09,16,18,20,21,25",03/09/2011
2285,"01,02,03,05,22,28",30/08/2011
2284,"08,12,15,23,34,35",27/08/2011
2283,"16,17,21,28,33,37",23/08/2011
2282,"17,18,24,30,36,37",20/08/2011
2281,"04,06,08,32,35,37",16/08/2011
2280,"04,07,12,18,20,36",13/08/2011
2279,"09,15,17,18,25,26",09/08/2011
2278,"01,02,10,15,25,32",06/08/2011
2277,"07,10,14,18,20,36",02/08/2011
2276,"01,05,13,24,30,37",30/07/2011
2275,"01,04,11,26,28,34",26/07/2011
2274,"15,17,23,24,27,31",23/07/2011
2273,"01,16,20,24,29,36",19/07/2011
2272,"07,11,17,21,23,37",16/07/2011
2271,"01,02,09,21,22,36",12/07/2011
2270,"03,11,15,17,22,23",09/07/2011
2269,"01,06,19,23,33,37",05/07/2011
2268,"04,11,17,24,25,30",02/07/2011
2267,"21,24,30,32,36,37",28/06/2011
2266,"06,10,16,20,23,30",25/06/2011
2265,"05,16,19,25,28,34",21/06/2011
2264,"04,16,19,29,30,32",18/06/2011
2263,"01,03,04,18,24,26",14/06/2011
2262,"02,08,12,17,26,35",11/06/2011
2261,"08,11,13,16,32,37",08/06/2011
2260,"05,09,12,16,20,26",04/06/2011
2259,"02,09,20,22,23,33",31/05/2011
2258,"06,10,16,19,27,32",28/05/2011
2257,"07,12,18,23,34,36",24/05/2011
2256,"02,16,17,31,35,36",21/05/2011
2255,"03,12,15,16,27,34",17/05/2011
2254,"10,16,21,23,35,37",14/05/2011
2253,"04,08,12,14,22,24",11/05/2011
2252,"01,12,14,20,21,29",07/05/2011
2251,"05,11,13,14,34,36",03/05/2011
2250,"03,04,19,23,27,33",30/04/2011
2249,"03,14,17,24,30,35",27/04/2011
2248,"10,14,19,20,23,34",23/04/2011
2247,"12,13,15,26,28,36",20/04/2011
2246,"07,08,11,13,15,28",16/04/2011
2245,"05,12,17,19,24,34",12/04/2011
2244,"06,16,18,22,26,31",09/04/2011
2243,"05,06,08,12,29,35",05/04/2011
2242,"06,14,16,19,21,30",02/04/2011
2241,"06,13,21,23,24,29",29/03/2011
2240,"08,12,13,19,23,29",26/03/2011
2239,"04,05,07,08,15,33",22/03/2011
2238,"08,10,17,19,24,32",19/03/2011
2237,"04,11,18,19,22,28",15/03/2011
2236,"03,07,14,17,18,20",12/03/2011
2235,"02,07,08,09,13,28",08/03/2011
2234,"02,17,19,21,26,31",05/03/2011
2233,"13,20,25,28,33,35",01/03/2011
2232,"19,23,24,28,29,33",26/02/2011
2231,"01,09,10,11,15,21",22/02/2011
2230,"01,10,12,17,26,30",19/02/2011
2229,"10,16,19,24,27,32",15/02/2011
2228,"01,04,18,20,26,31",12/02/2011
2227,"03,07,09,18,30,35",08/02/2011
2226,"07,20,24,26,34,36",05/02/2011
2225,"08,12,21,31,33,34",01/02/2011
2224,"07,10,12,13,30,36",29/01/2011
2223,"05,07,21,25,36,37",25/01/2011
2222,"04,11,13,20,29,33",22/01/2011
2221,"06,07,12,22,26,37",18/01/2011
2220,"07,12,16,22,25,28",15/01/2011
2219,"05,21,25,26,29,37",11/01/2011
2218,"03,11,29,32,33,35",08/01/2011
2217,"04,13,21,24,26,31",04/01/2011
2216,"02,13,14,19,31,35",01/01/2011
2215,"02,09,10,22,31,37",28/12/2010
2214,"07,08,10,16,28,35",25/12/2010
2213,"06,08,10,20,22,36",21/12/2010
2212,"02,05,06,09,17,35",18/12/2010
2211,"03,08,11,19,21,32",14/12/2010
2210,"05,08,19,23,28,36",11/12/2010
2209,"03,07,11,16,17,36",07/12/2010
2208,"03,11,12,20,27,34",04/12/2010
2207,"12,19,23,25,28,32",30/11/2010
2206,"06,09,12,18,23,25",27/11/2010
2205,"04,09,12,16,21,31",23/11/2010
2204,"07,13,14,21,35,37",20/11/2010
2203,"11,12,14,15,32,34",16/11/2010
2202,"12,15,19,31,35,37",13/11/2010
2201,"21,22,26,29,33,36",09/11/2010
2200,"18,20,21,24,25,31",06/11/2010
2199,"02,11,24,31,35,36",02/11/2010
2198,"08,11,16,30,31,33",30/10/2010
2197,"01,11,15,17,29,32",26/10/2010
2196,"04,05,14,17,23,35",23/10/2010
2195,"08,09,21,28,32,33",19/10/2010
2194,"13,14,26,32,33,36",16/10/2010
2193,"10,17,29,32,34,35",12/10/2010
2192,"13,14,21,30,32,37",09/10/2010
2191,"03,14,24,29,30,33",05/10/2010
2190,"13,14,18,31,34,35",02/10/2010
2189,"02,14,15,16,25,35",28/09/2010
2188,"04,15,20,21,27,32",25/09/2010
2187,"13,14,26,32,33,36",21/09/2010
2186,"03,04,05,27,29,30",19/09/2010
2185,"14,16,21,22,24,35",14/09/2010
2184,"01,04,13,16,34,36",12/09/2010
2183,"04,05,16,17,30,35",07/09/2010
2182,"10,15,24,25,30,37",04/09/2010
2181,"12,13,16,18,22,36",31/08/2010
2180,"01,07,11,15,21,34",28/08/2010
2179,"03,08,11,12,25,27",24/08/2010
2178,"01,10,12,13,15,37",21/08/2010
2177,"01,07,12,14,25,30",17/08/2010
2176,"08,17,18,24,26,31",14/08/2010
2175,"12,17,18,19,21,37",10/08/2010
2174,"07,08,18,19,20,33",07/08/2010
2173,"15,19,27,28,30,31",03/08/2010
2172,"01,06,07,13,19,29",31/07/2010
2171,"01,06,09,24,35,36",27/07/2010
2170,"03,04,05,14,26,32",24/07/2010
2169,"02,09,13,20,21,24",20/07/2010
2168,"01,08,09,10,16,37",17/07/2010
2167,"06,09,20,22,27,36",13/07/2010
2166,"06,08,09,16,25,36",10/07/2010
2165,"07,09,21,23,24,27",06/07/2010
2164,"04,08,12,14,29,37",03/07/2010
2163,"03,04,06,08,15,20",01/07/2010
2162,"01,11,13,27,29,32",29/06/2010
2161,"06,10,14,16,28,31",26/06/2010
2160,"08,15,23,25,26,37",24/06/2010
2159,"02,11,16,18,22,29",22/06/2010
2158,"04,05,06,07,10,28",19/06/2010
2157,"02,06,17,20,21,30",15/06/2010
2156,"07,08,15,23,25,26",12/06/2010
2155,"11,12,23,25,28,31",08/06/2010
2154,"10,22,25,29,31,34",05/06/2010
2153,"02,10,15,26,28,34",03/06/2010
2152,"02,10,11,12,19,34",01/06/2010
2151,"01,04,17,19,27,36",29/05/2010
2150,"09,10,12,16,20,23",25/05/2010
2149,"18,19,23,24,28,31",22/05/2010
2148,"02,03,09,18,23,30",19/05/2010
2147,"04,08,14,19,35,36",15/05/2010
2146,"04,17,19,22,32,35",11/05/2010
2145,"01,10,12,19,30,32",08/05/2010
2144,"01,02,12,16,22,25",06/05/2010
2143,"09,18,31,33,34,35",04/05/2010
2142,"02,08,09,18,20,27",01/05/2010
2141,"02,03,05,08,10,14",27/04/2010
2140,"04,07,22,29,31,36",24/04/2010
2139,"06,10,23,24,28,36",21/04/2010
2138,"01,11,20,27,28,30",17/04/2010
2137,"05,11,14,15,21,32",13/04/2010
2136,"12,15,21,24,28,34",10/04/2010
2135,"02,11,18,22,31,36",06/04/2010
2134,"06,09,10,21,26,27",03/04/2010
2133,"01,05,10,22,28,30",30/03/2010
2132,"07,11,15,25,30,36",27/03/2010
2131,"08,12,21,25,27,31",23/03/2010
2130,"04,11,12,14,25,29",20/03/2010
2129,"14,15,21,27,30,32",16/03/2010
2128,"01,02,13,15,24,26",13/03/2010
2127,"07,08,09,13,20,33",09/03/2010
2126,"06,07,27,34,35,36",06/03/2010
2125,"06,11,18,25,29,33",02/03/2010
2124,"07,16,21,24,26,34",27/02/2010
2123,"13,23,25,29,31,35",23/02/2010
2122,"03,04,13,15,18,19",20/02/2010
2121,"01,02,13,24,30,32",16/02/2010
2120,"01,08,11,13,15,25",13/02/2010
2119,"11,18,24,26,31,34",09/02/2010
2118,"07,19,22,24,28,37",06/02/2010
2117,"05,13,14,15,18,30",02/02/2010
2116,"14,23,26,27,33,35",30/01/2010
2115,"02,11,14,24,28,30",26/01/2010
2114,"09,10,11,14,24,33",23/01/2010
2113,"06,09,19,25,32,33",19/01/2010
2112,"10,12,14,15,28,37",16/01/2010
2111,"02,07,09,10,12,20",12/01/2010
2110,"01,03,04,32,33,35",09/01/2010
2109,"03,06,22,32,33,36",05/01/2010
2108,"01,11,12,27,31,35",02/01/2010
2107,"07,08,12,13,29,31",29/12/2009
2106,"06,08,14,21,23,24",26/12/2009
2105,"16,19,22,24,26,28",22/12/2009
2104,"10,15,19,25,34,36",19/12/2009
2103,"09,21,22,23,25,35",15/12/2009
2102,"04,06,12,23,26,30",12/12/2009
2101,"01,06,15,20,22,24",08/12/2009
2100,"03,22,25,28,33,34",05/12/2009
2099,"01,11,13,24,29,31",01/12/2009
2098,"09,10,16,27,30,34",28/11/2009
2097,"05,06,07,24,29,33",24/11/2009
2096,"01,14,16,17,27,36",21/11/2009
2095,"02,12,13,18,28,30",17/11/2009
2094,"05,06,14,31,32,34",14/11/2009
2093,"04,17,18,22,31,32",10/11/2009
2092,"03,11,17,18,25,33",07/11/2009
2091,"03,06,09,11,25,32",03/11/2009
2090,"06,08,17,20,22,25",31/10/2009
2089,"03,10,11,23,24,25",27/10/2009
2088,"05,07,19,23,30,33",24/10/2009
2087,"08,14,25,27,31,37",20/10/2009
2086,"01,03,10,14,23,37",17/10/2009
2085,"02,11,15,19,28,36",13/10/2009
2084,"02,06,12,17,32,37",10/10/2009
2083,"03,12,20,22,25,28",06/10/2009
2082,"01,14,16,17,26,34",03/10/2009
2081,"04,08,14,21,22,34",29/09/2009
2080,"02,04,08,11,16,34",26/09/2009
2079,"02,06,08,18,21,29",22/09/2009
2078,"05,06,10,23,25,34",20/09/2009
2077,"21,23,25,30,31,33",15/09/2009
2076,"14,17,24,30,32,35",12/09/2009
2075,"08,14,20,21,28,35",08/09/2009
2074,"03,10,14,17,22,37",05/09/2009
2073,"04,08,11,16,27,31",01/09/2009
2072,"07,08,11,12,20,35",29/08/2009
2071,"06,07,14,16,17,28",25/08/2009
2070,"01,10,21,22,31,34",22/08/2009
2069,"12,17,20,22,25,30",18/08/2009
2068,"08,11,17,21,25,31",15/08/2009
2067,"07,16,20,22,32,34",11/08/2009
2066,"04,13,16,23,33,37",08/08/2009
2065,"04,05,11,28,29,34",06/08/2009
2064,"01,03,16,23,33,37",04/08/2009
2063,"03,05,20,27,33,37",01/08/2009
2062,"01,02,04,22,29,36",28/07/2009
2061,"02,03,04,17,20,26",25/07/2009
2060,"03,07,17,19,21,33",21/07/2009
2059,"06,20,30,32,34,35",18/07/2009
2058,"06,07,10,15,16,20",14/07/2009
2057,"04,17,18,24,26,37",11/07/2009
2056,"02,03,13,14,20,26",07/07/2009
2055,"08,09,14,18,22,37",04/07/2009
2054,"06,11,21,24,25,26",02/07/2009
2053,"02,11,12,21,35,36",30/06/2009
2052,"02,12,24,25,27,28",27/06/2009
2051,"06,11,13,17,26,31",23/06/2009
2050,"08,09,11,28,30,35",20/06/2009
2049,"20,27,30,32,34,37",18/06/2009
2048,"06,18,19,23,27,31",16/06/2009
2047,"02,08,10,18,21,28",13/06/2009
2046,"09,12,14,15,23,34",09/06/2009
2045,"13,23,29,31,32,34",06/06/2009
2044,"05,06,08,16,18,30",04/06/2009
2043,"06,09,12,19,27,32",02/06/2009
2042,"02,22,24,32,36,37",30/05/2009
2041,"02,05,09,17,23,33",26/05/2009
2040,"21,23,29,30,31,35",23/05/2009
2039,"04,05,10,11,30,37",19/05/2009
2038,"04,15,20,30,31,35",16/05/2009
2037,"03,06,18,26,27,34",12/05/2009
2036,"13,16,17,19,21,28",09/05/2009
2035,"07,09,28,29,36,37",07/05/2009
2034,"16,24,29,32,36,37",05/05/2009
2033,"05,11,15,20,21,26",02/05/2009
2032,"02,06,13,21,27,31",29/04/2009
2031,"01,05,06,16,27,33",25/04/2009
2030,"10,17,19,32,35,37",21/04/2009
2029,"13,16,18,25,32,33",18/04/2009
2028,"09,12,17,18,33,34",15/04/2009
2027,"04,05,10,11,20,25",11/04/2009
2026,"03,18,21,24,27,29",07/04/2009
2025,"15,17,21,35,36,37",04/04/2009
2024,"01,09,17,25,28,33",02/04/2009
2023,"02,08,21,22,33,35",31/03/2009
2022,"12,13,20,24,28,31",28/03/2009
2021,"02,08,12,21,26,28",24/03/2009
2020,"03,04,12,14,20,31",21/03/2009
2019,"07,09,10,11,20,33",17/03/2009
2018,"03,08,10,11,19,31",14/03/2009
2017,"05,11,15,28,30,34",10/03/2009
2016,"01,02,10,14,17,21",07/03/2009
2015,"01,07,10,24,28,35",05/03/2009
2014,"14,15,16,23,25,35",03/03/2009
2013,"08,14,24,28,34,35",28/02/2009
2012,"03,04,06,25,27,32",24/02/2009
2011,"12,13,17,22,30,33",21/02/2009
2010,"09,11,15,22,24,27",17/02/2009
2009,"01,08,10,16,26,30",14/02/2009
2008,"06,09,12,19,25,29",10/02/2009
2007,"01,04,05,06,19,30",07/02/2009
2006,"04,05,06,08,25,29",05/02/2009
2005,"09,13,15,17,19,32",03/02/2009
2004,"06,10,11,21,23,31",31/01/2009
2003,"03,06,07,10,23,25",27/01/2009
2002,"01,09,10,12,19,34",24/01/2009
2001,"01,05,16,19,26,33",20/01/2009
2000,"07,09,24,25,30,34",17/01/2009
1999,"02,03,11,12,20,30",13/01/2009
1998,"03,04,06,17,27,31",10/01/2009
1997,"05,24,26,27,29,30",06/01/2009
1996,"11,15,17,18,29,30",03/01/2009
1995,"02,04,13,19,29,31",01/01/2009
1994,"10,15,24,29,32,33",30/12/2008
1993,"06,08,10,18,31,32",27/12/2008
1992,"12,20,24,26,30,33",25/12/2008
1991,"01,02,15,17,19,25",23/12/2008
1990,"09,11,12,17,19,23",20/12/2008
1989,"04,11,20,22,30,32",16/12/2008
1988,"04,05,10,19,28,30",13/12/2008
1987,"05,11,12,18,26,34",09/12/2008
1986,"03,17,24,27,30,31",06/12/2008
1985,"04,07,18,21,28,30",04/12/2008
1984,"05,14,15,23,25,34",02/12/2008
1983,"03,08,13,17,22,29",29/11/2008
1982,"02,07,12,16,29,34",25/11/2008
1981,"09,15,18,22,23,24",22/11/2008
1980,"04,08,15,22,28,31",18/11/2008
1979,"04,08,25,26,29,31",15/11/2008
1978,"07,10,13,19,29,33",11/11/2008
1977,"05,19,22,27,29,34",08/11/2008
1976,"05,10,14,15,24,31",06/11/2008
1975,"02,05,11,21,24,31",04/11/2008
1974,"03,09,10,15,17,26",01/11/2008
1973,"02,06,14,26,27,30",30/10/2008
1972,"06,10,23,28,29,30",28/10/2008
1971,"01,07,08,19,24,26",25/10/2008
1970,"07,10,11,13,23,33",22/10/2008
1969,"04,08,17,18,22,32",18/10/2008
1968,"04,07,13,14,15,20",14/10/2008
1967,"09,10,20,24,26,27",11/10/2008
1966,"04,05,14,18,24,31",07/10/2008
1965,"02,09,13,16,20,23",04/10/2008
1964,"03,04,05,07,10,16",01/10/2008
1963,"03,05,09,16,18,26",27/09/2008
1962,"03,12,14,22,27,33",23/09/2008
1961,"10,14,17,26,30,33",20/09/2008
1960,"04,19,24,25,30,34",16/09/2008
1959,"02,03,05,11,13,24",13/09/2008
1958,"13,15,18,22,23,31",09/09/2008
1957,"04,09,12,24,29,33",06/09/2008
1956,"01,05,09,23,24,30",02/09/2008
1955,"13,18,25,26,31,32",30/08/2008
1954,"04,06,15,23,27,33",26/08/2008
1953,"01,02,08,10,19,22",23/08/2008
1952,"10,14,18,19,21,23",19/08/2008
1951,"12,18,19,23,28,29",16/08/2008
1950,"02,09,18,26,28,33",12/08/2008
1949,"03,08,13,20,31,33",08/08/2008
1948,"01,12,17,21,28,32",05/08/2008
1947,"01,19,20,22,28,34",02/08/2008
1946,"02,11,13,17,32,34",29/07/2008
1945,"05,15,21,22,27,29",26/07/2008
1944,"03,10,13,18,21,31",22/07/2008
1943,"12,15,17,18,26,31",19/07/2008
1942,"11,12,13,21,23,24",15/07/2008
1941,"05,08,12,16,21,25",12/07/2008
1940,"03,16,20,23,27,28",08/07/2008
1939,"03,19,25,26,32,34",05/07/2008
1938,"04,11,13,17,24,28",01/07/2008
1937,"04,07,11,14,22,25",28/06/2008
1936,"01,09,15,16,19,34",24/06/2008
1935,"02,09,13,19,23,32",21/06/2008
1934,"03,07,08,22,24,30",17/06/2008
1933,"02,04,19,27,33,34",14/06/2008
1932,"04,12,14,21,24,30",11/06/2008
1931,"01,02,17,18,32,34",07/06/2008
1930,"03,04,06,13,21,30",03/06/2008
1929,"02,08,20,25,31,32",31/05/2008
1928,"02,03,04,12,18,28",27/05/2008
1927,"01,02,16,17,20,31",24/05/2008
1926,"01,12,16,20,22,23",20/05/2008
1925,"05,09,13,24,27,31",17/05/2008
1924,"06,12,13,16,28,32",13/05/2008
1923,"06,11,18,25,29,30",10/05/2008
1922,"03,10,18,27,28,30",06/05/2008
1921,"11,18,22,24,26,29",03/05/2008
1920,"04,13,19,23,27,28",29/04/2008
1919,"01,02,03,06,07,17",26/04/2008
1918,"05,07,09,17,25,30",22/04/2008
1917,"01,05,08,14,21,23",18/04/2008
1916,"06,11,23,25,28,29",15/04/2008
1915,"03,12,19,26,29,33",12/04/2008
1914,"02,10,11,13,14,17",08/04/2008
1913,"06,09,12,18,19,31",05/04/2008
1912,"05,07,12,16,18,34",01/04/2008
1911,"05,07,09,20,26,31",29/03/2008
1910,"13,28,29,31,32,34",25/03/2008
1909,"02,04,21,26,27,33",22/03/2008
1908,"08,11,14,26,28,29",18/03/2008
1907,"05,13,17,22,25,34",15/03/2008
1906,"01,07,08,16,17,24",11/03/2008
1905,"06,19,20,21,25,32",08/03/2008
1904,"09,11,12,20,30,33",04/03/2008
1903,"05,07,15,23,27,32",01/03/2008
1902,"07,14,15,24,27,34",26/02/2008
1901,"03,04,22,23,24,26",23/02/2008
1900,"03,07,13,15,21,26",19/02/2008
1899,"03,08,14,16,17,21",16/02/2008
1898,"09,17,18,20,33,34",12/02/2008
1897,"02,12,20,24,29,31",09/02/2008
1896,"06,10,16,17,20,32",05/02/2008
1895,"02,07,08,14,21,33",02/02/2008
1894,"02,03,23,25,31,32",29/01/2008
1893,"06,14,17,26,30,32",26/01/2008
1892,"02,03,07,15,17,28",22/01/2008
1891,"07,12,17,21,25,29",19/01/2008
1890,"02,03,07,11,20,28",15/01/2008
1889,"10,12,16,28,29,31",12/01/2008
1888,"08,10,17,22,26,31",08/01/2008
1887,"04,07,11,15,18,31",05/01/2008
1886,"01,03,06,18,22,28",31/12/2007
1885,"05,15,17,23,27,30",29/12/2007
1884,"02,03,09,10,14,18",25/12/2007
1883,"02,05,14,20,22,30",22/12/2007
1882,"03,11,13,16,17,33",18/12/2007
1881,"03,04,15,17,18,33",15/12/2007
1880,"14,17,18,22,25,34",11/12/2007
1879,"05,13,25,28,32,34",08/12/2007
1878,"10,14,17,23,24,34",06/12/2007
1877,"03,14,16,23,24,31",04/12/2007
1876,"03,04,08,11,17,19",01/12/2007
1875,"01,02,07,27,29,31",27/11/2007
1874,"07,11,15,19,22,27",24/11/2007
1873,"07,11,15,20,31,33",20/11/2007
1872,"03,04,09,14,15,30",17/11/2007
1871,"03,07,11,14,23,28",13/11/2007
1870,"05,08,10,15,26,30",10/11/2007
1869,"01,19,22,25,27,32",06/11/2007
1868,"10,12,13,19,21,28",03/11/2007
1867,"03,05,15,23,28,32",01/11/2007
1866,"10,14,23,27,30,31",30/10/2007
1865,"02,05,10,11,17,22",27/10/2007
1864,"11,12,15,17,19,31",23/10/2007
1863,"04,07,09,10,24,33",20/10/2007
1862,"06,08,14,18,19,29",16/10/2007
1861,"10,14,17,21,29,30",13/10/2007
1860,"02,07,08,12,26,29",11/10/2007
1859,"05,10,12,22,32,33",09/10/2007
1858,"04,10,12,15,21,29",06/10/2007
1857,"01,02,03,05,33,34",02/10/2007
1856,"01,02,11,18,28,34",29/09/2007
1855,"01,06,07,10,26,29",25/09/2007
1854,"08,16,17,22,23,24",23/09/2007
1853,"04,16,19,28,30,32",18/09/2007
1852,"03,04,09,16,23,27",16/09/2007
1851,"03,12,15,26,33,34",11/09/2007
1850,"03,10,18,21,25,27",08/09/2007
1849,"02,06,22,31,32,33",06/09/2007
1848,"03,14,20,31,33,34",04/09/2007
1847,"01,03,08,11,20,31",01/09/2007
1846,"20,28,29,30,32,34",28/08/2007
1845,"07,13,15,22,30,32",25/08/2007
1844,"05,13,21,25,31,33",21/08/2007
1843,"06,07,12,21,28,30",18/08/2007
1842,"03,09,10,16,30,32",14/08/2007
1841,"03,07,09,15,18,29",11/08/2007
1840,"04,06,08,10,17,34",07/08/2007
1839,"05,06,09,16,19,22",04/08/2007
1838,"05,09,10,11,29,31",02/08/2007
1837,"01,03,07,20,21,22",31/07/2007
1836,"09,12,23,24,28,33",28/07/2007
1835,"07,13,22,24,27,28",24/07/2007
1834,"06,07,10,12,22,30",21/07/2007
1833,"05,07,12,15,20,25",17/07/2007
1832,"02,07,10,21,25,33",14/07/2007
1831,"06,07,09,15,28,33",10/07/2007
1830,"07,09,14,15,24,34",07/07/2007
1829,"02,04,16,18,26,34",05/07/2007
1828,"02,12,21,24,25,27",03/07/2007
1827,"05,06,07,24,26,29",28/06/2007
1826,"08,14,22,28,31,33",26/06/2007
1825,"03,07,19,21,27,31",23/06/2007
1824,"05,06,09,17,27,32",19/06/2007
1823,"09,12,18,21,23,28",16/06/2007
1822,"05,06,09,21,24,28",12/06/2007
1821,"13,17,20,21,25,34",09/06/2007
1820,"03,04,11,23,24,34",07/06/2007
1819,"06,09,13,16,24,32",05/06/2007
1818,"01,07,09,16,17,29",02/06/2007
1817,"01,03,21,23,27,32",29/05/2007
1816,"05,08,13,14,16,29",26/05/2007
1815,"02,03,08,22,24,34",23/05/2007
1814,"03,08,09,24,26,27",19/05/2007
1813,"03,06,07,15,18,20",15/05/2007
1812,"02,04,09,24,33,34",12/05/2007
1811,"06,10,11,25,31,32",08/05/2007
1810,"04,15,21,26,27,28",05/05/2007
1809,"10,11,19,25,26,27",03/05/2007
1808,"01,03,05,14,19,22",01/05/2007
1807,"03,14,16,22,28,29",28/04/2007
1806,"08,09,21,28,30,32",25/04/2007
1805,"01,03,14,19,26,31",21/04/2007
1804,"05,06,17,20,24,28",17/04/2007
1803,"01,09,10,17,26,34",14/04/2007
1802,"05,18,20,24,26,29",12/04/2007
1801,"02,03,05,06,12,32",10/04/2007
1800,"14,17,20,24,25,31",07/04/2007
1799,"06,08,12,24,25,31",04/04/2007
1798,"01,07,22,26,31,32",31/03/2007
1797,"07,12,22,24,26,30",27/03/2007
1796,"04,09,10,12,21,32",24/03/2007
1795,"02,18,19,20,26,31",20/03/2007
1794,"01,12,20,31,33,34",17/03/2007
1793,"02,04,10,15,21,30",13/03/2007
1792,"03,12,20,25,28,32",10/03/2007
1791,"06,10,16,24,27,30",08/03/2007
1790,"07,08,21,28,29,31",06/03/2007
1789,"03,04,12,14,33,34",03/03/2007
1788,"02,05,06,20,28,30",27/02/2007
1787,"01,08,11,12,25,30",24/02/2007
1786,"17,24,27,30,31,34",20/02/2007
1785,"09,15,19,27,28,32",17/02/2007
1784,"10,11,16,20,23,33",13/02/2007
1783,"15,26,29,30,33,34",10/02/2007
1782,"09,11,19,20,27,28",06/02/2007
1781,"08,16,21,23,26,28",03/02/2007
1780,"03,04,12,21,30,34",01/02/2007
1779,"06,14,18,24,25,27",30/01/2007
1778,"06,10,15,20,27,33",27/01/2007
1777,"10,17,21,26,28,29",23/01/2007
1776,"01,20,21,27,29,32",20/01/2007
1775,"03,23,27,32,33,34",16/01/2007
1774,"03,04,08,15,22,32",13/01/2007
1773,"03,14,22,24,32,33",09/01/2007
1772,"04,06,10,18,24,34",06/01/2007
1771,"01,04,08,14,27,33",04/01/2007
1770,"03,20,21,22,26,31",02/01/2007
1769,"07,17,18,20,21,26",30/12/2006
1768,"01,17,21,25,26,34",28/12/2006
1767,"15,17,19,26,28,32",26/12/2006
1766,"07,09,14,18,22,23",23/12/2006
1765,"02,06,13,22,29,34",19/12/2006
1764,"07,11,13,16,22,28",16/12/2006
1763,"11,13,15,19,31,33",12/12/2006
1762,"04,05,08,13,20,26",05/12/2006
1761,"02,05,21,27,29,33",02/12/2006
1760,"03,08,10,16,19,33",30/11/2006
1759,"01,02,13,22,25,33",28/11/2006
1758,"09,12,24,28,30,32",25/11/2006
1757,"01,03,19,27,30,32",21/11/2006
1756,"08,14,22,25,27,30",18/11/2006
1755,"02,09,11,15,19,30",14/11/2006
1754,"05,08,10,24,33,34",11/11/2006
1753,"03,10,18,25,26,34",09/11/2006
1752,"01,08,17,19,21,31",07/11/2006
1751,"04,11,13,20,21,27",04/11/2006
1750,"01,03,06,26,30,31",31/10/2006
1749,"03,04,13,26,27,33",28/10/2006
1748,"03,15,18,23,26,31",24/10/2006
1747,"01,11,12,21,23,31",21/10/2006
1746,"01,07,16,21,26,33",19/10/2006
1745,"02,06,07,11,12,22",17/10/2006
1744,"07,08,12,17,23,33",14/10/2006
1743,"01,10,14,17,27,32",10/10/2006
1742,"05,07,08,14,30,34",07/10/2006
1741,"04,10,18,28,31,32",03/10/2006
1740,"02,06,09,16,27,31",30/09/2006
1739,"01,14,15,26,29,32",26/09/2006
1738,"02,07,28,29,31,32",24/09/2006
1737,"05,18,20,26,28,34",19/09/2006
1736,"03,17,20,21,22,28",16/09/2006
1735,"10,15,22,26,29,34",12/09/2006
1734,"14,16,19,22,25,32",09/09/2006
1733,"01,02,04,12,14,23",07/09/2006
1732,"02,04,16,23,24,29",05/09/2006
1731,"03,05,09,13,14,21",02/09/2006
1730,"01,07,21,23,29,31",29/08/2006
1729,"03,18,23,28,29,31",26/08/2006
1728,"06,10,20,22,29,34",22/08/2006
1727,"01,02,17,22,27,28",19/08/2006
1726,"08,09,18,24,31,33",15/08/2006
1725,"11,19,21,24,25,30",12/08/2006
1724,"02,05,11,15,22,26",10/08/2006
1723,"01,06,09,17,27,31",08/08/2006
1722,"06,08,15,28,29,34",05/08/2006
1721,"01,02,07,13,14,32",01/08/2006
1720,"04,07,09,13,16,18",29/07/2006
1719,"13,15,19,22,28,32",25/07/2006
1718,"03,05,16,17,24,31",22/07/2006
1717,"04,12,14,17,19,20",18/07/2006
1716,"05,11,12,16,30,33",15/07/2006
1715,"06,11,13,21,26,27",11/07/2006
1714,"03,10,11,22,23,24",08/07/2006
1713,"03,08,09,14,17,22",06/07/2006
1712,"04,10,11,21,23,34",04/07/2006
1711,"06,09,14,21,23,27",01/07/2006
1710,"02,08,11,21,32,33",27/06/2006
1709,"01,07,14,15,17,24",24/06/2006
1708,"03,10,16,20,24,29",20/06/2006
1707,"02,08,10,11,17,31",17/06/2006
1706,"02,03,05,11,19,26",13/06/2006
1705,"02,09,13,21,23,29",10/06/2006
1704,"01,12,23,25,31,33",08/06/2006
1703,"04,08,13,17,22,30",06/06/2006
1702,"07,24,25,28,29,30",03/06/2006
1701,"05,06,08,19,21,30",30/05/2006
1700,"11,15,16,18,21,23",27/05/2006
1699,"01,12,15,20,26,27",23/05/2006
1698,"08,15,25,26,28,34",20/05/2006
1697,"04,06,21,27,29,30",16/05/2006
1696,"01,08,14,17,18,26",13/05/2006
1695,"03,22,23,25,27,32",11/05/2006
1694,"17,21,24,26,29,30",09/05/2006
1693,"02,22,23,24,33,34",06/05/2006
1692,"01,09,23,25,32,34",03/05/2006
1691,"02,07,16,19,23,32",29/04/2006
1690,"12,19,21,26,32,33",25/04/2006
1689,"05,14,20,21,23,28",22/04/2006
1688,"01,03,05,15,20,26",19/04/2006
1687,"01,02,05,10,11,24",15/04/2006
1686,"19,21,25,28,31,34",11/04/2006
1685,"06,08,09,17,27,29",08/04/2006
1684,"08,12,16,18,25,28",06/04/2006
1683,"01,11,14,16,26,27",04/04/2006
1682,"01,06,12,16,22,33",01/04/2006
1681,"01,05,08,24,25,28",28/03/2006
1680,"02,06,12,23,28,32",25/03/2006
1679,"03,12,13,20,28,32",21/03/2006
1678,"03,14,18,24,27,30",18/03/2006
1677,"09,15,16,18,25,27",14/03/2006
1676,"04,05,06,16,19,22",11/03/2006
1675,"01,03,07,24,29,30",07/03/2006
1674,"12,13,26,28,29,30",04/03/2006
1673,"06,10,16,22,27,29",02/03/2006
1672,"01,03,11,16,18,30",28/02/2006
1671,"04,05,21,22,32,34",25/02/2006
1670,"01,04,11,23,26,29",21/02/2006
1669,"01,02,08,12,31,33",18/02/2006
1668,"08,16,23,26,28,29",14/02/2006
1667,"08,11,14,17,25,29",11/02/2006
1666,"08,10,22,29,33,34",07/02/2006
1665,"02,03,05,20,31,32",04/02/2006
1664,"01,03,09,20,28,34",02/02/2006
1663,"14,18,19,26,27,34",31/01/2006
1662,"02,03,09,12,18,24",28/01/2006
1661,"02,04,13,17,19,26",24/01/2006
1660,"12,21,23,24,30,31",21/01/2006
1659,"16,18,20,21,28,32",17/01/2006
1658,"01,06,09,11,16,27",14/01/2006
1657,"02,07,15,21,30,34",10/01/2006
1656,"03,05,09,20,21,28",07/01/2006
1655,"03,07,09,18,20,30",03/01/2006
1654,"06,10,17,19,21,22",31/12/2005
1653,"01,08,17,21,33,34",29/12/2005
1652,"04,08,11,25,28,29",27/12/2005
1651,"02,05,10,11,16,17",24/12/2005
1650,"04,08,16,20,24,33",20/12/2005
1649,"02,15,19,24,32,33",17/12/2005
1648,"01,08,10,28,30,32",13/12/2005
1647,"01,10,15,18,22,34",10/12/2005
1646,"03,10,14,22,29,34",06/12/2005
1645,"01,02,08,20,26,33",03/12/2005
1644,"07,15,21,26,32,33",01/12/2005
1643,"06,11,15,25,29,31",29/11/2005
1642,"01,04,06,10,32,34",26/11/2005
1641,"05,13,16,18,19,28",22/11/2005
1640,"01,04,15,22,24,33",19/11/2005
1639,"05,14,15,23,25,34",15/11/2005
1638,"02,08,16,23,24,34",12/11/2005
1637,"06,20,23,26,29,32",08/11/2005
1636,"04,07,14,20,23,27",05/11/2005
1635,"01,11,14,18,20,29",01/11/2005
1634,"06,08,10,13,27,31",29/10/2005
1633,"02,03,22,27,29,32",25/10/2005
1632,"06,08,17,23,25,28",22/10/2005
1631,"02,07,11,15,21,24",18/10/2005
1630,"06,10,13,16,26,31",15/10/2005
1629,"05,09,18,20,31,34",11/10/2005
1628,"02,12,18,20,24,34",08/10/2005
1627,"07,08,11,13,14,23",05/10/2005
1626,"06,11,13,22,30,31",01/10/2005
1625,"05,10,15,21,24,32",29/09/2005
1624,"01,03,05,14,17,19",27/09/2005
1623,"06,10,12,17,20,26",20/09/2005
1622,"03,10,11,21,23,33",17/09/2005
1621,"08,13,15,19,21,24",13/09/2005
1620,"02,12,20,26,33,34",10/09/2005
1619,"01,15,18,19,33,34",06/09/2005
1618,"12,14,15,24,27,28",03/09/2005
1617,"05,08,14,15,17,24",30/08/2005
1616,"06,13,16,19,22,27",27/08/2005
1615,"06,16,19,25,29,30",23/08/2005
1614,"13,16,25,29,30,34",20/08/2005
1613,"06,14,21,32,33,34",16/08/2005
1612,"06,07,14,23,25,26",12/08/2005
1611,"01,09,15,18,27,31",09/08/2005
1610,"02,04,08,14,17,18",06/08/2005
1609,"03,17,20,23,26,32",02/08/2005
1608,"05,09,11,24,29,34",30/07/2005
1607,"04,05,08,13,18,20",26/07/2005
1606,"06,10,11,16,30,32",23/07/2005
1605,"06,11,18,24,29,33",19/07/2005
1604,"07,11,16,17,23,31",16/07/2005
1603,"07,08,17,21,24,31",12/07/2005
1602,"06,11,14,16,28,31",09/07/2005
1601,"06,15,17,27,30,32",05/07/2005
1600,"03,04,18,20,22,32",02/07/2005
1599,"07,08,10,14,20,21",28/06/2005
1598,"06,13,21,22,28,33",25/06/2005
1597,"08,10,11,14,31,32",21/06/2005
1596,"15,18,19,25,31,34",18/06/2005
1595,"02,12,20,26,29,31",14/06/2005
1594,"09,17,27,28,29,32",11/06/2005
1593,"02,05,08,18,24,25",07/06/2005
1592,"08,16,18,21,22,25",04/06/2005
1591,"07,08,09,23,30,34",31/05/2005
1590,"08,09,13,16,23,31",28/05/2005
1589,"03,08,10,20,30,31",24/05/2005
1588,"03,09,14,19,25,29",21/05/2005
1587,"06,10,23,24,30,34",17/05/2005
1586,"04,06,17,18,20,27",14/05/2005
1585,"03,18,20,28,29,32",10/05/2005
1584,"06,20,25,26,27,33",07/05/2005
1583,"01,03,10,22,30,32",03/05/2005
1582,"02,07,20,25,27,32",30/04/2005
1581,"05,10,16,19,21,27",26/04/2005
1580,"03,15,16,18,22,33",22/04/2005
1579,"01,05,08,10,29,31",19/04/2005
1578,"01,07,12,17,19,20",16/04/2005
1577,"08,14,16,21,28,30",12/04/2005
1576,"05,11,12,15,25,32",09/04/2005
1575,"03,04,09,23,29,30",05/04/2005
1574,"01,02,18,26,29,32",02/04/2005
1573,"01,09,22,24,25,26",29/03/2005
1572,"01,11,12,15,23,32",26/03/2005
1571,"01,08,12,13,21,30",22/03/2005
1570,"01,08,13,18,20,24",19/03/2005
1569,"10,12,19,21,26,30",15/03/2005
1568,"09,15,16,22,24,29",12/03/2005
1567,"01,03,16,20,21,26",08/03/2005
1566,"02,06,07,17,24,28",05/03/2005
1565,"05,09,10,29,30,34",01/03/2005
1564,"16,22,26,31,33,34",26/02/2005
1563,"05,09,12,17,25,30",22/02/2005
1562,"08,20,24,25,31,34",19/02/2005
1561,"05,08,09,21,23,33",15/02/2005
1560,"04,07,23,25,27,31",12/02/2005
1559,"07,09,16,18,21,26",08/02/2005
1558,"03,04,13,17,21,30",05/02/2005
1557,"01,11,13,18,25,30",01/02/2005
1556,"15,18,29,31,33,34",29/01/2005
1555,"08,13,21,24,29,31",25/01/2005
1554,"02,06,12,14,16,33",22/01/2005
1553,"11,16,19,24,25,29",18/01/2005
1552,"02,14,15,17,22,30",15/01/2005
1551,"08,13,17,20,27,34",11/01/2005
1550,"09,20,21,26,30,31",08/01/2005
1549,"03,11,23,26,31,33",04/01/2005
1548,"02,03,14,25,28,29",31/12/2004
1547,"11,12,16,22,23,29",28/12/2004
1546,"09,15,23,27,31,34",25/12/2004
1545,"01,02,09,17,25,26",21/12/2004
1544,"02,04,09,20,25,28",18/12/2004
1543,"01,03,18,21,23,32",14/12/2004
1542,"02,09,11,15,16,19",11/12/2004
1541,"06,10,19,21,25,26",07/12/2004
1540,"10,11,12,14,18,21",04/12/2004
1539,"03,08,09,14,20,24",30/11/2004
1538,"08,09,19,21,26,31",27/11/2004
1537,"03,12,13,18,28,29",23/11/2004
1536,"01,05,15,26,32,34",20/11/2004
1535,"03,13,14,17,23,24",16/11/2004
1534,"03,04,12,13,17,19",13/11/2004
1533,"03,04,13,22,24,28",09/11/2004
1532,"02,10,12,13,20,27",06/11/2004
1531,"02,04,06,10,11,17",02/11/2004
1530,"07,10,14,18,22,32",30/10/2004
1529,"07,08,11,12,13,22",26/10/2004
1528,"03,06,07,18,24,25",23/10/2004
1527,"02,04,17,18,21,34",19/10/2004
1526,"06,09,19,21,30,33",16/10/2004
1525,"08,15,20,24,29,33",12/10/2004
1524,"01,05,08,10,18,23",09/10/2004
1523,"08,09,17,19,26,27",05/10/2004
1522,"01,02,04,10,11,13",02/10/2004
1521,"02,03,12,17,24,33",28/09/2004
1520,"03,04,06,07,14,20",25/09/2004
1519,"09,17,20,28,30,34",21/09/2004
1518,"02,08,09,15,27,33",19/09/2004
1517,"02,07,19,21,24,28",14/09/2004
1516,"02,08,16,22,23,34",11/09/2004
1515,"01,05,09,15,21,32",07/09/2004
1514,"10,13,19,31,32,33",04/09/2004
1513,"05,11,15,16,19,27",31/08/2004
1512,"05,06,11,15,29,33",28/08/2004
1511,"07,16,20,23,27,33",24/08/2004
1510,"01,09,10,27,32,34",21/08/2004
1509,"07,10,19,30,33,34",17/08/2004
1508,"02,09,11,19,22,23",14/08/2004
1507,"02,03,14,28,30,34",10/08/2004
1506,"19,24,27,29,32,33",07/08/2004
1505,"09,13,16,24,33,34",03/08/2004
1504,"01,04,09,22,24,26",31/07/2004
1503,"02,04,08,11,23,24",27/07/2004
1502,"09,12,18,22,31,33",24/07/2004
1501,"02,04,09,10,24,26",20/07/2004
1500,"01,04,12,17,18,30",17/07/2004
1499,"01,11,13,15,20,21",13/07/2004
1498,"07,19,27,29,30,33",10/07/2004
1497,"06,13,15,18,22,27",06/07/2004
1496,"01,06,11,15,19,26",03/07/2004
1495,"07,08,09,10,23,27",29/06/2004
1494,"10,17,25,26,27,30",26/06/2004
1493,"14,22,25,28,30,34",22/06/2004
1492,"06,08,15,25,26,28",19/06/2004
1491,"05,14,15,16,17,20",15/06/2004
1490,"05,09,12,24,27,30",12/06/2004
1489,"02,06,08,16,17,19",08/06/2004
1488,"10,12,16,22,28,32",05/06/2004
1487,"02,05,11,23,24,25",01/06/2004
1486,"05,07,21,22,28,33",29/05/2004
1485,"16,19,20,22,28,31",26/05/2004
1484,"06,14,18,19,27,33",22/05/2004
1483,"05,07,09,11,24,34",18/05/2004
1482,"03,14,18,24,31,34",15/05/2004
1481,"08,14,21,23,27,29",11/05/2004
1480,"08,14,19,27,28,34",08/05/2004
1479,"06,09,14,20,28,32",04/05/2004
1478,"02,04,11,20,24,25",01/05/2004
1477,"09,11,17,19,22,27",28/04/2004
1476,"02,05,19,24,30,34",24/04/2004
1475,"10,11,13,14,17,21",20/04/2004
1474,"02,19,27,29,31,32",17/04/2004
1473,"10,11,13,15,30,32",13/04/2004
1472,"02,21,22,24,25,26",10/04/2004
1471,"11,15,18,20,22,28",07/04/2004
1470,"01,07,09,16,26,33",03/04/2004
1469,"04,07,20,21,26,32",30/03/2004
1468,"04,06,08,19,29,31",27/03/2004
1467,"02,09,13,15,16,18",23/03/2004
1466,"03,06,08,13,14,32",20/03/2004
1465,"06,07,10,12,29,32",16/03/2004
1464,"03,04,07,14,27,29",12/03/2004
1463,"12,20,24,30,35,40",09/03/2004
1462,"07,20,21,30,39,44",05/03/2004
1461,"20,21,33,37,39,40",02/03/2004
1460,"03,09,10,40,41,42",27/02/2004
1459,"04,17,19,31,36,43",24/02/2004
1458,"05,06,09,27,33,40",20/02/2004
1457,"07,14,20,34,38,40",17/02/2004
1456,"08,18,20,36,37,40",13/02/2004
1455,"01,08,18,31,33,37",10/02/2004
1454,"09,16,18,38,40,41",06/02/2004
1453,"06,07,32,35,43,45",03/02/2004
1452,"04,14,19,20,26,40",30/01/2004
1451,"10,12,28,36,39,40",27/01/2004
1450,"03,04,09,15,23,24",23/01/2004
1449,"01,20,22,24,37,44",20/01/2004
1448,"18,20,35,37,40,45",16/01/2004
1447,"09,16,21,26,28,38",13/01/2004
1446,"04,12,13,34,38,44",09/01/2004
1445,"12,14,26,32,39,41",06/01/2004
1444,"08,20,22,25,31,35",03/01/2004
1443,"17,35,38,39,42,44",30/12/2003
1442,"10,11,21,22,36,44",27/12/2003
1441,"11,20,24,30,42,43",25/12/2003
1440,"01,16,17,18,20,30",23/12/2003
1439,"11,12,20,26,29,44",20/12/2003
1438,"01,10,25,28,32,38",16/12/2003
1437,"04,09,15,20,32,39",09/12/2003
1436,"09,12,13,18,21,42",06/12/2003
1435,"08,12,13,38,39,43",02/12/2003
1434,"02,20,21,27,30,39",29/11/2003
1433,"09,25,30,31,37,45",25/11/2003
1432,"03,17,20,28,33,35",22/11/2003
1431,"06,07,15,23,35,38",18/11/2003
1430,"04,07,21,28,33,40",15/11/2003
1429,"01,13,15,23,27,41",11/11/2003
1428,"19,20,23,28,29,43",08/11/2003
1427,"03,16,23,24,26,27",04/11/2003
1426,"06,12,14,21,26,38",01/11/2003
1425,"06,07,17,21,26,38",28/10/2003
1424,"04,07,21,23,26,36",25/10/2003
1423,"01,05,17,28,40,43",21/10/2003
1422,"09,16,18,20,22,39",18/10/2003
1421,"15,24,25,26,33,37",14/10/2003
1420,"01,11,16,28,29,31",11/10/2003
1419,"02,11,33,34,43,45",07/10/2003
1418,"03,08,11,21,26,38",04/10/2003
1417,"16,19,24,30,32,39",30/09/2003
1416,"10,17,24,32,38,41",28/09/2003
1415,"07,08,09,20,28,40",23/09/2003
1414,"02,13,18,19,27,43",20/09/2003
1413,"01,07,10,18,25,35",16/09/2003
1412,"01,09,25,29,34,38",13/09/2003
1411,"04,05,06,12,31,45",09/09/2003
1410,"05,12,21,36,37,38",06/09/2003
1409,"05,08,11,26,32,36",02/09/2003
1408,"09,10,17,28,30,41",30/08/2003
1407,"02,06,08,09,10,17",26/08/2003
1406,"03,07,11,16,19,26",23/08/2003
1405,"12,15,26,38,43,44",19/08/2003
1404,"03,18,24,27,28,37",16/08/2003
1403,"01,02,03,18,29,33",12/08/2003
1402,"08,09,16,23,27,32",09/08/2003
1401,"01,10,14,15,30,35",05/08/2003
1400,"02,03,16,20,37,45",02/08/2003
1399,"02,08,38,40,43,44",29/07/2003
1398,"06,15,18,34,42,45",26/07/2003
1397,"01,03,12,19,22,26",22/07/2003
1396,"03,08,11,18,29,40",19/07/2003
1395,"04,14,33,35,40,42",15/07/2003
1394,"12,13,21,22,28,32",12/07/2003
1393,"01,05,07,11,24,41",08/07/2003
1392,"10,11,18,26,35,36",05/07/2003
1391,"14,22,27,37,42,45",01/07/2003
1390,"07,12,15,35,40,41",28/06/2003
1389,"10,13,29,32,35,44",24/06/2003
1388,"07,11,20,28,35,36",21/06/2003
1387,"18,26,31,35,41,42",17/06/2003
1386,"01,05,26,31,36,43",14/06/2003
1385,"06,09,15,29,34,40",10/06/2003
1384,"05,18,21,28,39,40",07/06/2003
1383,"02,11,16,23,29,36",03/06/2003
1382,"06,12,13,28,35,45",31/05/2003
1381,"19,20,27,38,39,41",27/05/2003
1380,"01,04,14,20,33,43",24/05/2003
1379,"10,12,21,26,32,41",20/05/2003
1378,"14,21,25,32,34,37",17/05/2003
1377,"08,19,25,30,33,42",13/05/2003
1376,"02,11,14,20,28,44",10/05/2003
1375,"01,02,03,11,16,20",07/05/2003
1374,"07,10,17,18,35,40",03/05/2003
1373,"01,04,11,39,40,41",29/04/2003
1372,"02,05,09,15,23,42",26/04/2003
1371,"05,12,13,29,31,37",23/04/2003
1370,"18,21,26,33,40,42",19/04/2003
1369,"14,16,23,34,37,40",15/04/2003
1368,"13,16,20,23,30,42",12/04/2003
1367,"08,19,26,39,41,44",08/04/2003
1366,"05,07,13,19,31,35",05/04/2003
1365,"15,20,23,25,27,28",01/04/2003
1364,"04,05,08,28,40,43",29/03/2003
1363,"01,02,09,12,26,45",25/03/2003
1362,"05,06,07,15,22,30",22/03/2003
1361,"01,11,19,28,35,43",18/03/2003
1360,"15,18,25,27,29,40",15/03/2003
1359,"15,18,24,34,35,45",11/03/2003
1358,"04,05,19,24,27,40",08/03/2003
1357,"02,05,18,30,40,43",04/03/2003
1356,"02,05,10,26,32,39",01/03/2003
1355,"15,16,17,36,38,41",25/02/2003
1354,"08,15,21,27,36,37",22/02/2003
1353,"03,17,19,30,37,41",18/02/2003
1352,"04,07,18,21,30,44",15/02/2003
1351,"25,30,32,34,37,40",11/02/2003
1350,"07,09,23,36,38,41",08/02/2003
1349,"14,20,25,27,35,36",04/02/2003
1348,"06,24,25,27,28,45",01/02/2003
1347,"11,17,24,29,32,36",28/01/2003
1346,"06,09,18,23,30,42",25/01/2003
1345,"14,15,23,24,35,36",21/01/2003
1344,"07,09,15,23,41,43",18/01/2003
1343,"01,02,18,23,24,36",14/01/2003
1342,"11,16,17,20,35,45",11/01/2003
1341,"05,06,12,29,38,45",07/01/2003
1340,"08,17,18,22,31,45",04/01/2003
1339,"02,05,08,24,34,40",31/12/2002
1338,"01,02,05,21,32,41",28/12/2002
1337,"03,13,17,39,43,45",24/12/2002
1336,"15,23,26,29,37,44",21/12/2002
1335,"02,07,23,24,31,37",17/12/2002
1334,"05,09,10,16,24,26",14/12/2002
1333,"04,10,26,31,32,45",10/12/2002
1332,"11,16,19,24,31,44",07/12/2002
1331,"07,08,12,17,31,36",03/12/2002
1330,"08,14,22,28,30,39",30/11/2002
1329,"07,14,15,17,27,43",26/11/2002
1328,"08,17,20,25,28,45",23/11/2002
1327,"06,14,24,28,30,35",19/11/2002
1326,"14,18,28,30,38,39",16/11/2002
1325,"11,19,34,35,37,40",12/11/2002
1324,"08,10,25,28,31,36",09/11/2002
1323,"03,18,20,25,31,35",05/11/2002
1322,"03,13,18,20,21,33",02/11/2002
1321,"07,13,17,22,43,45",29/10/2002
1320,"02,05,10,11,17,35",26/10/2002
1319,"01,13,17,20,37,43",22/10/2002
1318,"02,07,11,17,25,28",19/10/2002
1317,"06,11,17,19,24,36",15/10/2002
1316,"10,13,22,24,35,37",12/10/2002
1315,"01,18,34,35,41,42",08/10/2002
1314,"05,10,22,32,34,37",05/10/2002
1313,"05,09,14,24,30,43",01/10/2002
1312,"08,11,16,21,34,36",28/09/2002
1311,"20,21,24,28,30,35",24/09/2002
1310,"04,06,08,19,36,42",21/09/2002
1309,"12,14,20,22,31,40",17/09/2002
1308,"01,02,07,26,27,32",14/09/2002
1307,"06,08,17,22,31,39",10/09/2002
1306,"12,21,23,26,44,45",08/09/2002
1305,"08,17,19,29,36,37",03/09/2002
1304,"02,09,10,12,18,24",31/08/2002
1303,"12,25,26,28,30,44",27/08/2002
1302,"11,14,18,23,30,39",24/08/2002
1301,"06,08,26,27,32,33",20/08/2002
1300,"06,07,09,19,25,30",17/08/2002
1299,"04,10,18,31,35,40",13/08/2002
1298,"04,08,15,23,31,32",10/08/2002
1297,"02,05,09,12,21,27",06/08/2002
1296,"06,17,29,32,33,38",03/08/2002
1295,"07,09,10,21,22,39",30/07/2002
1294,"04,09,12,16,20,24",27/07/2002
1293,"07,11,16,25,31,38",23/07/2002
1292,"01,17,25,35,38,45",20/07/2002
1291,"08,14,17,24,35,41",16/07/2002
1290,"06,11,14,16,19,33",13/07/2002
1289,"12,14,24,25,34,40",09/07/2002
1288,"03,07,10,24,35,43",06/07/2002
1287,"05,13,19,21,25,32",02/07/2002
1286,"01,11,16,35,38,44",29/06/2002
1285,"10,21,28,30,31,35",25/06/2002
1284,"12,20,31,38,39,43",22/06/2002
1283,"13,17,23,36,37,42",18/06/2002
1282,"21,23,31,33,37,43",15/06/2002
1281,"06,11,13,23,28,44",11/06/2002
1280,"20,22,24,30,32,43",08/06/2002
1279,"07,12,17,21,33,40",04/06/2002
1278,"02,21,32,38,44,45",01/06/2002
1277,"04,06,19,26,29,38",28/05/2002
1276,"16,20,21,27,33,38",25/05/2002
1275,"06,11,12,22,23,27",21/05/2002
1274,"04,05,27,37,42,43",18/05/2002
1273,"02,09,12,19,22,32",14/05/2002
1272,"09,13,17,22,35,44",11/05/2002
1271,"05,26,30,33,34,37",07/05/2002
1270,"07,15,17,18,22,28",04/05/2002
1269,"05,08,11,20,22,27",30/04/2002
1268,"05,11,17,39,40,43",27/04/2002
1267,"09,14,26,31,41,43",23/04/2002
1266,"01,03,07,14,15,44",20/04/2002
1265,"05,06,11,26,34,35",17/04/2002
1264,"01,08,17,24,27,42",13/04/2002
1263,"01,07,26,35,40,44",09/04/2002
1262,"10,37,38,40,43,45",06/04/2002
1261,"05,10,21,25,27,34",03/04/2002
1260,"04,12,19,27,40,43",30/03/2002
1259,"07,08,10,11,18,36",26/03/2002
1258,"02,05,10,15,26,42",23/03/2002
1257,"04,12,13,18,38,45",19/03/2002
1256,"08,18,22,31,39,45",16/03/2002
1255,"03,05,27,35,43,44",12/03/2002
1254,"01,10,14,16,26,37",09/03/2002
1253,"13,18,22,27,29,33",05/03/2002
1252,"08,11,23,36,43,44",02/03/2002
1251,"01,05,11,20,33,43",26/02/2002
1250,"02,06,14,25,30,31",23/02/2002
1249,"01,14,16,20,28,45",19/02/2002
1248,"02,08,14,22,40,41",16/02/2002
1247,"04,11,13,20,43,45",12/02/2002
1246,"06,07,18,20,25,27",09/02/2002
1245,"05,08,18,21,29,37",05/02/2002
1244,"02,08,09,20,28,33",02/02/2002
1243,"08,19,28,35,42,43",29/01/2002
1242,"09,16,21,23,26,44",26/01/2002
1241,"01,05,16,39,42,45",22/01/2002
1240,"06,10,13,19,21,39",19/01/2002
1239,"03,04,09,20,31,45",15/01/2002
1238,"05,22,24,34,40,42",12/01/2002
1237,"02,04,13,16,17,19",08/01/2002
1236,"01,09,15,18,27,34",05/01/2002
1235,"08,10,21,26,41,43",01/01/2002
1234,"02,17,26,30,33,41",29/12/2001
1233,"01,14,33,35,37,44",25/12/2001
1232,"01,06,09,18,27,28",22/12/2001
1231,"01,15,25,33,35,38",18/12/2001
1230,"11,15,23,29,31,37",15/12/2001
1229,"08,15,19,20,27,33",11/12/2001
1228,"02,10,17,19,34,39",08/12/2001
1227,"01,03,07,13,16,24",04/12/2001
1226,"08,19,20,23,36,37",01/12/2001
1225,"01,03,07,18,40,43",27/11/2001
1224,"01,13,22,32,42,43",24/11/2001
1223,"06,09,12,15,23,42",20/11/2001
1222,"04,07,16,17,38,40",17/11/2001
1221,"02,04,15,19,29,42",13/11/2001
1220,"03,08,12,22,31,42",10/11/2001
1219,"02,11,29,34,36,40",06/11/2001
1218,"07,09,15,16,28,34",03/11/2001
1217,"03,16,24,27,31,33",30/10/2001
1216,"14,16,21,22,29,38",27/10/2001
1215,"09,12,30,31,37,44",23/10/2001
1214,"01,04,05,12,34,42",20/10/2001
1213,"02,21,23,25,30,40",16/10/2001
1212,"12,33,36,39,40,42",13/10/2001
1211,"19,26,35,37,41,42",09/10/2001
1210,"08,15,16,19,37,45",06/10/2001
1209,"05,12,26,28,34,39",02/10/2001
1208,"01,09,12,18,19,20",29/09/2001
1207,"08,14,25,36,37,44",25/09/2001
1206,"02,22,23,29,35,44",22/09/2001
1205,"01,04,16,28,33,38",19/09/2001
1204,"02,07,13,22,34,38",15/09/2001
1203,"01,11,15,29,38,43",11/09/2001
1202,"03,09,14,15,17,42",08/09/2001
1201,"04,05,07,13,15,31",04/09/2001
1200,"07,10,12,19,21,28",01/09/2001
1199,"02,17,24,30,31,45",28/08/2001
1198,"21,25,26,31,37,44",25/08/2001
1197,"07,23,29,33,36,45",21/08/2001
1196,"07,21,30,33,34,45",18/08/2001
1195,"06,10,13,17,18,32",14/08/2001
1194,"09,11,25,37,41,43",11/08/2001
1193,"04,05,08,27,36,40",07/08/2001
1192,"01,03,29,34,40,42",04/08/2001
1191,"06,14,15,17,20,37",31/07/2001
1190,"04,06,20,30,33,41",27/07/2001
1189,"04,09,11,21,33,44",24/07/2001
1188,"02,09,12,19,20,25",21/07/2001
1187,"02,07,17,23,25,42",17/07/2001
1186,"02,07,08,19,26,41",14/07/2001
1185,"02,04,05,13,26,32",10/07/2001
1184,"18,21,26,30,42,44",07/07/2001
1183,"08,16,17,26,27,43",03/07/2001
1182,"01,05,07,11,37,45",30/06/2001
1181,"20,24,30,31,37,41",26/06/2001
1180,"02,21,22,33,39,44",23/06/2001
1179,"10,19,22,24,38,42",19/06/2001
1178,"05,08,09,22,24,41",16/06/2001
1177,"04,14,24,31,38,39",12/06/2001
1176,"08,09,13,27,31,41",09/06/2001
1175,"02,11,12,16,40,44",05/06/2001
1174,"03,19,26,27,29,40",02/06/2001
1173,"04,10,13,29,32,43",29/05/2001
1172,"03,06,11,19,33,43",26/05/2001
1171,"06,09,12,23,33,45",22/05/2001
1170,"12,21,27,30,37,44",19/05/2001
1169,"12,19,23,29,31,39",15/05/2001
1168,"04,07,13,18,32,40",12/05/2001
1167,"22,31,34,35,41,44",08/05/2001
1166,"02,04,06,14,21,43",05/05/2001
1165,"09,11,16,18,31,36",01/05/2001
1164,"06,07,12,17,20,37",28/04/2001
1163,"13,19,25,32,40,42",24/04/2001
1162,"04,07,13,15,35,45",21/04/2001
1161,"21,24,27,36,44,45",17/04/2001
1160,"06,13,15,32,44,45",14/04/2001
1159,"17,18,26,33,37,42",10/04/2001
1158,"12,19,22,29,30,41",06/04/2001
1157,"06,22,27,37,42,43",03/04/2001
1156,"04,21,25,30,31,34",31/03/2001
1155,"04,08,12,22,24,45",27/03/2001
1154,"03,06,22,24,28,38",24/03/2001
1153,"07,16,25,26,29,42",20/03/2001
1152,"04,08,10,16,39,40",17/03/2001
1151,"03,04,15,21,23,40",13/03/2001
1150,"02,10,18,25,33,36",10/03/2001
1149,"04,10,25,28,31,41",06/03/2001
1148,"01,13,18,19,39,43",03/03/2001
1147,"03,11,18,28,32,36",27/02/2001
1146,"05,07,30,35,40,44",24/02/2001
1145,"20,35,36,40,43,45",20/02/2001
1144,"01,10,11,39,43,44",17/02/2001
1143,"03,09,11,17,22,24",13/02/2001
1142,"11,16,18,26,30,39",10/02/2001
1141,"22,23,27,30,36,44",06/02/2001
1140,"04,07,11,24,26,38",03/02/2001
1139,"05,10,20,23,24,45",30/01/2001
1138,"12,23,25,29,37,40",27/01/2001
1137,"02,12,16,22,27,32",23/01/2001
1136,"02,04,22,23,32,34",20/01/2001
1135,"08,17,28,32,35,39",16/01/2001
1134,"14,20,26,31,42,45",13/01/2001
1133,"02,05,13,29,30,32",09/01/2001
1132,"03,26,29,40,42,45",06/01/2001
1131,"21,22,23,28,29,43",02/01/2001
1130,"02,08,18,31,33,38",30/12/2000
1129,"02,09,10,11,28,36",26/12/2000
1128,"01,14,21,22,27,44",23/12/2000
1127,"04,09,13,26,34,42",19/12/2000
1126,"02,09,14,35,38,41",16/12/2000
1125,"04,11,12,23,24,44",12/12/2000
1124,"04,12,15,20,24,40",09/12/2000
1123,"25,32,38,40,41,45",05/12/2000
1122,"05,16,32,35,40,43",02/12/2000
1121,"10,13,17,28,34,41",28/11/2000
1120,"15,20,22,36,37,44",25/11/2000
1119,"02,08,16,25,39,41",21/11/2000
1118,"07,09,16,26,32,43",18/11/2000
1117,"02,17,26,29,33,34",14/11/2000
1116,"05,10,16,27,31,44",11/11/2000
1115,"04,08,16,27,35,45",07/11/2000
1114,"01,04,15,22,31,39",04/11/2000
1113,"02,07,08,13,15,29",31/10/2000
1112,"01,03,04,25,29,40",28/10/2000
1111,"03,04,07,24,30,40",24/10/2000
1110,"09,15,19,22,37,44",21/10/2000
1109,"03,08,10,14,21,30",17/10/2000
1108,"16,21,25,27,35,36",14/10/2000
1107,"12,22,24,33,36,43",10/10/2000
1106,"07,09,11,12,28,37",07/10/2000
1105,"09,22,26,29,30,41",03/10/2000
1104,"02,20,24,35,36,43",01/10/2000
1103,"06,08,17,18,39,42",26/09/2000
1102,"08,09,24,29,30,32",23/09/2000
1101,"02,04,12,36,37,41",19/09/2000
1100,"03,05,08,18,29,37",16/09/2000
1099,"08,13,19,28,41,43",12/09/2000
1098,"01,06,14,22,31,35",09/09/2000
1097,"12,15,16,18,33,40",05/09/2000
1096,"01,05,06,08,15,16",02/09/2000
1095,"02,03,22,23,36,45",29/08/2000
1094,"03,14,18,25,31,35",26/08/2000
1093,"16,21,22,23,25,28",22/08/2000
1092,"02,03,10,25,32,36",19/08/2000
1091,"04,12,16,29,32,43",15/08/2000
1090,"02,17,18,21,27,41",12/08/2000
1089,"12,20,23,33,35,43",08/08/2000
1088,"02,06,30,38,39,44",05/08/2000
1087,"07,15,22,30,36,44",01/08/2000
1086,"08,28,32,33,39,40",29/07/2000
1085,"04,11,30,31,34,42",25/07/2000
1084,"01,10,18,27,40,43",22/07/2000
1083,"05,12,16,19,38,44",18/07/2000
1082,"15,22,26,35,37,38",15/07/2000
1081,"01,08,09,20,24,42",11/07/2000
1080,"06,13,31,32,33,37",08/07/2000
1079,"01,20,21,39,44,48",04/07/2000
1078,"13,18,19,20,40,42",27/06/2000
1077,"20,35,36,37,40,49",20/06/2000
1076,"05,10,11,16,25,46",13/06/2000
1075,"04,06,16,21,26,33",06/06/2000
1074,"05,07,08,17,39,42",30/05/2000
1073,"01,05,08,32,34,40",23/05/2000
1072,"05,12,15,29,41,49",16/05/2000
1071,"12,21,24,27,31,37",11/05/2000
1070,"01,04,09,26,35,41",03/05/2000
1069,"09,12,24,25,38,40",27/04/2000
1068,"04,12,13,24,34,49",18/04/2000
1067,"03,04,10,15,17,25",11/04/2000
1066,"12,16,29,38,40,45",04/04/2000
1065,"01,04,19,27,34,35",28/03/2000
1064,"05,21,27,29,43,45",21/03/2000
1063,"09,12,25,37,43,44",14/03/2000
1062,"02,10,30,31,44,46",07/03/2000
1061,"14,20,21,34,42,48",29/02/2000
1060,"03,13,14,15,28,29",22/02/2000
1059,"11,13,31,38,39,44",15/02/2000
1058,"02,11,20,26,44,47",08/02/2000
1057,"03,07,10,12,22,23",01/02/2000
1056,"07,10,16,26,42,49",25/01/2000
1055,"04,11,20,24,30,31",18/01/2000
1054,"01,04,14,22,34,37",11/01/2000
1053,"27,29,32,37,43,45",04/01/2000
1052,"02,09,10,16,37,48",28/12/1999
1051,"11,13,17,21,26,35",21/12/1999
1050,"14,17,24,34,40,46",14/12/1999
1049,"01,03,11,14,23,33",07/12/1999
1048,"07,08,16,36,45,46",30/11/1999
1047,"01,30,32,34,41,48",23/11/1999
1046,"05,09,35,39,40,42",16/11/1999
1045,"13,18,26,29,37,48",09/11/1999
1044,"13,14,23,27,37,44",02/11/1999
1043,"02,07,10,19,44,47",26/10/1999
1042,"25,26,28,46,48,49",19/10/1999
1041,"04,12,23,32,43,47",12/10/1999
1040,"05,13,44,45,46,48",05/10/1999
1039,"15,18,20,22,31,41",28/09/1999
1038,"09,21,28,32,38,45",21/09/1999
1037,"16,18,24,28,40,44",14/09/1999
1036,"05,11,18,25,31,47",07/09/1999
1035,"05,19,22,29,46,48",31/08/1999
9934,"07,12,20,31,38,43",24/08/1999
9933,"07,16,22,33,40,49",17/08/1999
9932,"03,10,21,27,34,44",10/08/1999
9931,"11,14,16,24,26,35",03/08/1999
9930,"06,08,09,16,46,47",27/07/1999
9929,"19,33,42,43,48,49",20/07/1999
9928,"08,09,12,13,25,45",13/07/1999
9927,"05,09,17,21,38,47",06/07/1999
9926,"02,07,31,36,48,49",29/06/1999
9925,"02,13,14,44,48,49",22/06/1999
9924,"16,17,27,28,32,46",15/06/1999
9923,"06,07,28,32,44,49",08/06/1999
9922,"14,24,29,30,32,38",01/06/1999
9921,"01,15,29,30,38,46",25/05/1999
9920,"15,26,29,34,40,47",18/05/1999
9919,"04,05,07,37,43,44",11/05/1999
9918,"07,10,11,25,26,42",04/05/1999
9917,"04,17,29,41,43,48",27/04/1999
9916,"18,20,21,24,32,35",21/04/1999
9915,"01,10,11,20,28,34",13/04/1999
9914,"02,08,18,23,24,29",07/04/1999
9913,"02,17,22,33,37,38",30/03/1999
9912,"11,24,32,38,44,47",23/03/1999
9911,"04,07,18,25,33,39",16/03/1999
9910,"02,03,18,21,23,47",09/03/1999
9909,"02,04,13,21,24,26",02/03/1999
9908,"01,16,17,30,35,43",23/02/1999
9907,"05,12,16,39,43,48",16/02/1999
9906,"06,07,11,24,40,47",09/02/1999
9905,"01,05,10,15,26,37",02/02/1999
9904,"01,07,33,37,46,48",26/01/1999
9903,"07,13,14,34,42,46",19/01/1999
9902,"18,19,20,29,32,33",12/01/1999
9901,"03,09,12,13,17,32",05/01/1999
9851,"03,09,30,35,44,49",29/12/1998
9850,"29,35,42,44,47,49",22/12/1998
9849,"03,06,28,32,34,40",15/12/1998
9848,"08,09,13,22,35,49",08/12/1998
9847,"14,17,24,28,38,44",01/12/1998
9846,"02,08,18,22,38,39",24/11/1998
9845,"12,20,21,28,29,49",17/11/1998
9844,"10,17,19,34,45,48",10/11/1998
9843,"08,12,14,32,39,46",04/11/1998
9842,"07,12,16,23,35,37",27/10/1998
9841,"10,21,25,26,31,44",20/10/1998
9840,"11,20,32,34,44,47",14/10/1998
9839,"02,22,29,32,37,44",07/10/1998
9838,"01,06,21,35,39,40",24/09/1998
9837,"06,16,23,33,39,42",15/09/1998
9836,"03,20,25,29,40,42",08/09/1998
9835,"01,04,09,12,24,26",01/09/1998
9834,"01,08,23,33,42,47",25/08/1998
9833,"08,13,22,31,39,44",18/08/1998
9832,"04,05,14,26,34,41",11/08/1998
9831,"05,20,28,32,33,36",04/08/1998
9830,"08,10,12,23,27,31",28/07/1998
9829,"03,17,25,27,33,49",21/07/1998
9828,"03,08,11,15,36,39",14/07/1998
9827,"08,10,22,36,42,45",07/07/1998
9826,"01,11,29,30,38,48",30/06/1998
9825,"03,10,12,14,33,42",23/06/1998
9824,"13,15,20,23,46,49",16/06/1998
9823,"01,24,28,31,33,34",09/06/1998
9822,"05,06,26,30,31,43",02/06/1998
9821,"11,12,13,20,26,28",26/05/1998
9820,"09,13,14,16,35,39",19/05/1998
9819,"01,09,18,23,39,46",12/05/1998
9818,"02,20,24,31,36,42",05/05/1998
9817,"06,12,15,25,32,46",27/04/1998
9816,"04,11,23,24,25,40",21/04/1998
9815,"23,24,38,39,40,49",14/04/1998
9814,"07,12,27,28,30,45",07/04/1998
9813,"12,16,18,19,20,22",02/04/1998
9812,"02,13,16,25,28,30",24/03/1998
9811,"01,16,24,29,30,32",17/03/1998
9810,"11,23,24,32,38,46",10/03/1998
9809,"01,06,19,20,33,45",03/03/1998
9808,"06,09,14,20,23,32",24/02/1998
9807,"03,13,30,35,38,39",17/02/1998
9806,"06,25,27,44,45,49",10/02/1998
9805,"17,19,25,30,36,39",03/02/1998
9804,"13,26,28,29,31,44",27/01/1998
9803,"10,11,15,21,27,43",20/01/1998
9802,"06,07,10,13,16,44",13/01/1998
9801,"10,16,20,24,27,43",06/01/1998
9752,"11,15,17,31,38,46",30/12/1997
9751,"13,15,16,31,48,49",23/12/1997
9750,"12,16,23,32,34,49",16/12/1997
9749,"09,11,26,35,37,46",09/12/1997
9748,"02,08,17,25,30,35",02/12/1997
9747,"07,14,33,36,40,41",25/11/1997
9746,"13,19,23,25,27,37",18/11/1997
9745,"11,19,22,26,43,46",13/11/1997
9744,"01,04,16,17,32,45",04/11/1997
9743,"09,10,11,20,32,35",28/10/1997
9742,"11,15,33,35,38,39",21/10/1997
9741,"04,06,09,41,43,48",14/10/1997
9740,"06,07,31,32,34,44",09/10/1997
9739,"04,09,11,13,45,46",30/09/1997
9738,"09,11,21,35,36,49",23/09/1997
9737,"21,22,29,31,34,43",16/09/1997
9736,"11,19,24,27,42,48",09/09/1997
9735,"03,19,20,37,45,49",02/09/1997
9734,"02,07,26,36,37,38",26/08/1997
9733,"22,23,27,37,38,44",19/08/1997
9732,"01,12,19,25,30,49",13/08/1997
9731,"01,09,24,28,42,48",05/08/1997
9730,"08,21,31,36,40,47",31/07/1997
9729,"03,10,15,18,31,48",22/07/1997
9728,"07,30,37,44,47,48",15/07/1997
9727,"01,07,16,21,22,49",08/07/1997
9726,"13,25,27,29,39,49",01/07/1997
9725,"04,11,14,23,25,40",24/06/1997
9724,"01,19,21,25,28,37",17/06/1997
9723,"10,13,18,20,36,46",12/06/1997
9722,"06,22,26,29,33,37",03/06/1997
9721,"07,22,23,35,41,47",27/05/1997
9720,"03,07,16,25,38,39",20/05/1997
9719,"07,09,17,19,23,38",13/05/1997
9718,"04,08,14,18,38,48",06/05/1997
9717,"13,20,26,36,37,42",01/05/1997
9716,"04,05,11,16,23,31",24/04/1997
9715,"11,12,13,18,26,30",15/04/1997
9714,"02,08,21,27,35,42",08/04/1997
9713,"12,17,25,34,35,48",01/04/1997
9712,"04,14,24,27,35,38",25/03/1997
9711,"03,08,11,37,39,47",18/03/1997
9710,"02,12,17,22,39,45",11/03/1997
9709,"06,13,17,35,45,49",04/03/1997
9708,"05,08,19,21,24,27",25/02/1997
9707,"03,05,09,20,23,25",18/02/1997
9706,"01,03,05,07,46,48",11/02/1997
9705,"12,14,19,28,30,40",04/02/1997
9704,"03,08,30,32,48,49",28/01/1997
9703,"04,08,19,30,44,47",21/01/1997
9702,"07,08,14,19,33,44",14/01/1997
9701,"03,06,21,29,31,42",07/01/1997
9653,"01,21,32,35,36,43",31/12/1996
9652,"08,10,25,34,43,49",24/12/1996
9651,"06,14,19,33,43,44",17/12/1996
9650,"03,08,10,20,36,49",10/12/1996
9649,"04,14,16,21,23,31",03/12/1996
9648,"06,08,12,16,20,43",26/11/1996
9647,"14,18,25,28,29,46",19/11/1996
9646,"01,05,17,24,31,34",12/11/1996
9645,"04,16,17,19,22,38",05/11/1996
9644,"08,09,20,26,29,43",29/10/1996
9643,"01,03,04,19,22,32",22/10/1996
9642,"07,10,23,26,27,31",15/10/1996
9641,"11,13,26,33,36,41",08/10/1996
9640,"09,13,29,32,39,42",01/10/1996
9639,"28,36,37,43,45,49",26/09/1996
9638,"02,08,21,32,33,45",19/09/1996
9637,"11,21,23,27,35,41",10/09/1996
9636,"04,24,33,39,44,47",03/09/1996
9635,"06,14,19,27,35,45",27/08/1996
9634,"03,13,15,27,33,44",20/08/1996
9633,"07,21,23,27,44,46",13/08/1996
9632,"09,12,19,23,44,46",06/08/1996
9631,"02,17,19,20,24,30",30/07/1996
9630,"06,08,09,18,42,48",23/07/1996
9629,"06,13,22,38,40,43",16/07/1996
9628,"02,07,10,13,20,24",09/07/1996
9627,"01,09,24,28,29,34",02/07/1996
9626,"03,04,07,29,34,36",25/06/1996
9625,"05,22,25,35,38,40",18/06/1996
9624,"22,28,34,38,43,49",11/06/1996
9623,"06,09,11,18,26,30",04/06/1996
9622,"01,22,24,32,38,46",28/05/1996
9621,"12,13,24,32,40,44",21/05/1996
9620,"12,14,21,29,38,49",14/05/1996
9619,"06,20,31,32,34,40",07/05/1996
9618,"05,11,15,37,39,46",30/04/1996
9617,"04,07,12,18,21,45",25/04/1996
9616,"09,20,22,25,43,45",18/04/1996
9615,"09,14,16,17,34,42",11/04/1996
9614,"06,12,14,15,25,38",02/04/1996
9613,"17,19,20,30,36,47",26/03/1996
9612,"01,06,17,29,30,35",19/03/1996
9611,"03,14,22,40,43,47",12/03/1996
9610,"10,12,18,20,39,45",05/03/1996
9609,"02,08,10,32,35,40",27/02/1996
9608,"04,08,18,35,38,47",20/02/1996
9607,"04,06,16,32,35,39",13/02/1996
9606,"04,21,26,34,35,43",06/02/1996
9605,"03,11,20,26,36,38",30/01/1996
9604,"09,15,28,35,44,46",23/01/1996
9603,"03,17,22,30,39,42",16/01/1996
9602,"11,17,27,28,32,48",09/01/1996
9601,"06,15,24,29,31,35",02/01/1996
9552,"05,08,10,13,24,44",26/12/1995
9551,"02,07,29,40,41,48",19/12/1995
9550,"02,13,21,42,43,49",12/12/1995
9549,"06,16,27,30,34,43",05/12/1995
9548,"20,25,32,39,41,49",28/11/1995
9547,"13,20,27,28,38,39",21/11/1995
9546,"27,28,43,44,47,48",14/11/1995
9545,"01,07,14,21,30,31",07/11/1995
9544,"03,04,09,12,33,43",31/10/1995
9543,"06,13,32,34,35,36",24/10/1995
9542,"03,18,23,26,45,48",19/10/1995
9541,"01,05,15,25,36,40",12/10/1995
9539,"07,09,16,20,29,40",28/09/1995
9538,"10,19,21,22,23,25",19/09/1995
9537,"07,15,21,34,44,47",12/09/1995
9536,"23,24,27,29,39,49",05/09/1995
9535,"03,05,25,34,38,42",29/08/1995
9534,"08,10,27,32,41,47",22/08/1995
9533,"04,13,20,21,33,49",15/08/1995
9532,"06,22,25,30,40,41",08/08/1995
9531,"03,06,18,21,26,34",01/08/1995
9530,"02,08,09,17,19,26",25/07/1995
9529,"09,14,18,19,21,39",18/07/1995
9528,"01,03,06,34,41,43",11/07/1995
9527,"07,14,23,36,44,49",04/07/1995
9526,"09,19,27,32,37,39",27/06/1995
9525,"02,04,16,27,43,45",20/06/1995
9524,"04,11,22,34,46,48",13/06/1995
9523,"03,08,15,28,31,40",06/06/1995
9522,"12,24,31,35,43,49",30/05/1995
9521,"01,10,11,28,39,47",23/05/1995
9520,"05,06,23,24,31,32",16/05/1995
9519,"08,25,26,28,35,47",09/05/1995
9518,"13,29,34,37,38,47",04/05/1995
9517,"01,06,18,30,32,38",25/04/1995
9516,"11,19,28,31,35,38",18/04/1995
9515,"04,17,23,30,44,45",11/04/1995
9514,"21,23,30,32,39,45",04/04/1995
9513,"01,05,24,36,37,48",28/03/1995
9512,"05,22,25,37,47,49",21/03/1995
9511,"05,08,13,20,28,48",14/03/1995
9510,"01,11,15,20,26,38",07/03/1995
9509,"08,10,15,31,39,46",28/02/1995
9508,"01,03,04,15,22,46",21/02/1995
9507,"04,08,13,19,27,41",14/02/1995
9506,"01,03,04,17,29,31",07/02/1995
9505,"06,07,15,17,42,49",31/01/1995
9504,"15,18,19,29,47,48",24/01/1995
9503,"02,08,11,32,35,39",17/01/1995
9502,"02,06,10,22,25,29",10/01/1995
9501,"10,12,13,23,42,45",03/01/1995
9452,"09,11,17,18,28,38",27/12/1994
9451,"01,09,16,22,35,48",20/12/1994
9450,"06,11,16,28,48,49",13/12/1994
9449,"03,07,11,41,47,48",06/12/1994
9448,"12,20,35,39,40,49",29/11/1994
9447,"08,14,16,25,28,38",22/11/1994
9446,"02,14,16,19,43,47",15/11/1994
9445,"06,09,16,44,45,49",08/11/1994
9444,"02,25,33,41,44,49",01/11/1994
9443,"02,07,09,16,17,35",25/10/1994
9442,"01,06,19,23,28,37",18/10/1994
9441,"09,14,25,30,45,47",11/10/1994
9440,"08,31,36,37,43,44",04/10/1994
9439,"08,24,33,35,40,44",29/09/1994
9438,"06,11,30,44,47,48",22/09/1994
9437,"21,30,36,37,40,48",13/09/1994
9436,"05,16,26,31,41,49",08/09/1994
9435,"07,31,34,35,43,47",30/08/1994
9434,"04,05,08,15,25,26",23/08/1994
9433,"04,09,29,32,34,47",16/08/1994
9432,"04,12,26,33,37,38",09/08/1994
9431,"03,11,13,22,28,40",02/08/1994
9430,"09,26,30,33,38,49",26/07/1994
9429,"08,16,17,25,30,33",19/07/1994
9428,"03,29,34,37,41,47",12/07/1994
9427,"08,09,12,29,33,43",05/07/1994
9426,"09,10,13,31,34,44",28/06/1994
9425,"05,12,27,28,32,36",21/06/1994
9424,"05,13,30,34,39,43",14/06/1994
9423,"08,16,20,25,29,47",07/06/1994
9422,"03,05,08,28,31,49",31/05/1994
9421,"19,27,30,35,37,48",24/05/1994
9420,"02,03,11,17,38,48",17/05/1994
9419,"03,14,17,31,40,44",10/05/1994
9418,"04,18,25,33,41,45",03/05/1994
9417,"01,02,17,27,35,44",26/04/1994
9416,"02,05,14,30,33,39",19/04/1994
9415,"04,25,31,33,43,45",14/04/1994
9414,"01,11,30,38,42,47",05/04/1994
9413,"02,07,11,13,19,20",29/03/1994
9412,"04,11,16,21,23,42",22/03/1994
9411,"19,23,30,31,39,49",15/03/1994
9410,"18,19,25,28,40,42",08/03/1994
9409,"02,11,23,35,37,39",01/03/1994
9408,"08,13,27,28,45,49",22/02/1994
9407,"14,37,43,44,46,49",15/02/1994
9406,"07,13,16,19,24,33",08/02/1994
9405,"03,05,24,27,38,43",01/02/1994
9404,"02,03,06,10,15,35",25/01/1994
9403,"13,22,30,32,43,44",18/01/1994
9402,"02,14,17,29,31,48",11/01/1994
9401,"06,10,15,26,30,34",04/01/1994
9352,"02,09,11,26,32,34",28/12/1993
9351,"21,25,26,29,31,43",21/12/1993
9350,"07,21,24,29,32,37",14/12/1993
9349,"05,10,21,26,32,42",07/12/1993
9348,"16,18,21,26,36,43",30/11/1993
9347,"12,20,24,29,31,35",23/11/1993
9346,"07,09,18,23,43,48",16/11/1993
9345,"06,09,12,36,40,42",09/11/1993
9344,"04,20,23,28,34,47",02/11/1993
9343,"02,16,17,34,43,47",26/10/1993
9342,"02,16,29,33,39,46",19/10/1993
9341,"01,12,16,22,41,45",12/10/1993
9340,"14,18,21,25,35,47",05/10/1993
9339,"22,33,36,37,38,40",28/09/1993
9338,"03,09,15,21,41,46",21/09/1993
9337,"03,07,17,25,30,37",14/09/1993
9336,"05,13,27,30,34,39",07/09/1993
9335,"04,25,33,34,36,37",31/08/1993
9334,"01,11,12,20,22,26",24/08/1993
9333,"06,11,25,33,39,45",17/08/1993
9332,"14,20,25,29,32,35",10/08/1993
9331,"07,14,19,22,27,37",03/08/1993
9330,"02,27,32,36,39,42",27/07/1993
9329,"01,03,04,14,19,32",20/07/1993
9328,"20,22,23,25,26,29",13/07/1993
9327,"05,07,09,14,24,26",06/07/1993
9326,"02,12,13,18,39,40",29/06/1993
9325,"05,17,25,28,32,36",22/06/1993
9324,"13,14,29,33,43,44",15/06/1993
9323,"12,18,22,24,38,44",08/06/1993
9322,"08,15,17,19,22,26",01/06/1993
9321,"04,15,22,29,33,36",27/05/1993
9320,"01,03,24,29,31,44",18/05/1993
9319,"02,04,13,21,28,44",11/05/1993
9318,"21,22,25,27,36,45",04/05/1993
9317,"07,09,17,24,29,34",28/04/1993
9316,"03,12,14,22,23,31",20/04/1993
9315,"03,09,20,22,35,39",14/04/1993
9314,"02,15,28,32,33,43",08/04/1993
9313,"08,18,27,31,35,37",30/03/1993
9312,"01,19,26,28,35,39",23/03/1993
9311,"10,26,27,31,33,43",16/03/1993
9310,"01,05,09,17,22,40",09/03/1993
9309,"02,13,20,27,40,42",02/03/1993
9308,"01,04,11,24,28,29",23/02/1993
9307,"05,22,23,35,37,38",16/02/1993
9306,"17,27,32,36,40,41",09/02/1993
9305,"06,07,11,30,38,44",02/02/1993
9304,"01,10,12,21,22,27",26/01/1993
9303,"03,06,15,25,31,39",19/01/1993
9302,"11,13,20,32,36,44",12/01/1993
9301,"10,22,27,29,37,41",05/01/1993
9252,"09,17,22,34,38,42",29/12/1992
9251,"14,15,25,28,36,45",22/12/1992
9250,"03,20,24,26,30,38",15/12/1992
9249,"17,27,28,37,41,43",08/12/1992
9248,"01,14,15,17,37,45",01/12/1992
9247,"05,09,33,36,38,40",24/11/1992
9246,"04,19,32,33,35,36",17/11/1992
9245,"07,10,16,18,28,36",10/11/1992
9244,"10,13,15,17,32,40",03/11/1992
9243,"10,19,21,30,38,44",27/10/1992
9242,"01,05,10,16,18,44",21/10/1992
9241,"12,23,26,28,30,32",14/10/1992
9240,"03,11,13,20,27,34",08/10/1992
9239,"10,14,18,26,28,42",01/10/1992
9238,"04,07,17,23,37,38",22/09/1992
9237,"06,09,11,21,39,41",15/09/1992
9236,"02,14,24,39,41,44",08/09/1992
9235,"07,09,12,24,33,44",01/09/1992
9234,"10,12,14,19,26,30",25/08/1992
9233,"04,14,18,28,29,45",18/08/1992
9232,"03,11,12,33,38,39",11/08/1992
9231,"10,24,33,34,37,41",04/08/1992
9230,"02,11,17,20,39,43",28/07/1992
9229,"02,03,07,09,12,29",21/07/1992
9228,"01,03,21,24,25,39",14/07/1992
9227,"11,25,30,31,39,45",07/07/1992
9226,"02,04,11,17,25,30",30/06/1992
9225,"08,11,22,30,41,42",24/06/1992
9224,"01,03,22,29,31,32",16/06/1992
9223,"05,23,27,28,30,44",09/06/1992
9222,"01,24,25,29,36,38",02/06/1992
9221,"03,10,14,18,20,33",26/05/1992
9220,"02,04,21,31,34,41",19/05/1992
9219,"03,17,19,25,27,41",12/05/1992
9218,"02,07,13,15,29,33",07/05/1992
9217,"04,08,09,33,38,43",28/04/1992
9216,"13,18,21,30,33,44",21/04/1992
9215,"09,10,13,14,25,41",14/04/1992
9214,"01,10,26,31,33,35",07/04/1992
9213,"07,17,20,29,30,45",31/03/1992
9212,"01,07,15,20,21,30",24/03/1992
9211,"12,18,24,32,38,43",17/03/1992
9210,"04,08,28,29,31,33",10/03/1992
9209,"06,10,12,19,28,29",03/03/1992
9208,"02,08,15,18,20,28",25/02/1992
9207,"03,25,28,30,36,41",18/02/1992
9206,"03,08,09,28,31,39",11/02/1992
9205,"01,05,09,33,39,43",04/02/1992
9204,"05,10,11,15,20,36",28/01/1992
9203,"02,06,11,25,27,36",21/01/1992
9202,"01,03,08,10,12,40",14/01/1992
9201,"02,17,19,20,25,31",07/01/1992
9152,"05,08,10,19,25,33",31/12/1991
9151,"08,16,21,22,34,37",24/12/1991
9150,"03,06,16,30,41,42",17/12/1991
9149,"09,15,26,28,40,41",10/12/1991
9148,"05,09,10,30,37,45",03/12/1991
9147,"02,08,13,25,29,43",26/11/1991
9146,"04,10,19,21,35,37",19/11/1991
9145,"03,06,20,29,35,45",12/11/1991
9144,"14,23,32,33,41,44",05/11/1991
9143,"03,16,27,31,34,39",29/10/1991
9142,"03,09,11,26,38,40",22/10/1991
9141,"09,10,26,37,42,43",15/10/1991
9140,"11,22,26,28,33,43",08/10/1991
9139,"20,25,30,34,39,41",01/10/1991
9138,"06,08,31,32,33,42",24/09/1991
9137,"17,20,34,40,41,42",16/09/1991
9136,"04,13,20,23,33,39",11/09/1991
9135,"01,10,18,23,33,43",03/09/1991
9134,"02,06,26,35,36,43",27/08/1991
9133,"11,18,27,36,38,44",20/08/1991
9132,"04,19,25,30,42,43",13/08/1991
9131,"06,08,16,18,34,43",06/08/1991
9130,"03,12,14,25,28,35",30/07/1991
9129,"03,11,19,23,26,32",23/07/1991
9128,"15,16,17,30,35,43",16/07/1991
9127,"11,12,26,31,37,39",09/07/1991
9126,"02,03,05,14,16,17",02/07/1991
9125,"02,03,08,20,26,40",25/06/1991
9124,"03,04,12,35,38,40",18/06/1991
9123,"02,19,24,29,31,34",11/06/1991
9122,"03,20,28,30,39,42",04/06/1991
9121,"05,08,14,24,39,40",28/05/1991
9120,"03,19,23,24,27,35",21/05/1991
9119,"02,09,16,32,33,35",14/05/1991
9118,"06,08,22,28,30,45",07/05/1991
9117,"02,11,22,26,35,43",30/04/1991
9116,"04,20,21,22,40,41",23/04/1991
9115,"06,13,19,23,28,32",16/04/1991
9114,"09,12,23,29,38,40",09/04/1991
9113,"02,07,18,22,26,37",02/04/1991
9112,"04,11,14,28,37,41",26/03/1991
9111,"21,23,24,27,34,45",19/03/1991
9110,"22,29,30,33,38,42",12/03/1991
9109,"07,11,27,29,44,45",05/03/1991
9108,"01,14,37,42,44,45",26/02/1991
9107,"04,09,12,14,27,39",19/02/1991
9106,"01,06,08,13,26,40",12/02/1991
9105,"03,16,18,28,29,44",05/02/1991
9104,"09,27,31,43,44,45",29/01/1991
9103,"12,15,18,33,35,37",22/01/1991
9102,"08,29,30,34,39,44",08/01/1991
9101,"13,25,32,36,37,44",01/01/1991
9052,"07,08,20,23,30,36",25/12/1990
9051,"10,14,17,34,41,45",18/12/1990
9050,"06,10,12,19,23,40",11/12/1990
9049,"07,15,21,29,30,44",04/12/1990
9048,"10,11,15,30,32,43",27/11/1990
9047,"08,09,12,14,34,45",20/11/1990
9046,"05,24,36,38,44,45",13/11/1990
9045,"09,10,18,30,34,35",06/11/1990
9044,"07,10,14,16,18,38",30/10/1990
9043,"04,06,12,14,19,20",23/10/1990
9042,"11,24,25,26,31,40",16/10/1990
9041,"01,16,23,26,36,41",09/10/1990
9040,"01,14,20,25,27,41",02/10/1990
9039,"18,21,23,30,34,40",25/09/1990
9038,"08,09,20,22,25,38",18/09/1990
9037,"02,22,30,33,35,42",11/09/1990
9036,"01,04,08,14,16,20",04/09/1990
9035,"11,25,30,35,37,40",28/08/1990
9034,"01,06,10,12,30,33",21/08/1990
9033,"07,10,14,24,37,38",14/08/1990
9032,"02,10,11,12,24,32",07/08/1990
9031,"01,10,13,25,27,39",31/07/1990
9030,"01,11,17,36,41,42",24/07/1990
9029,"09,21,26,33,37,39",17/07/1990
9028,"09,14,20,22,31,38",10/07/1990
9027,"01,07,16,20,27,35",03/07/1990
9026,"08,16,24,28,32,34",26/06/1990
9025,"10,15,27,34,36,41",19/06/1990
9024,"01,13,16,19,31,37",12/06/1990
9023,"02,03,13,16,34,35",05/06/1990
9022,"07,08,15,16,18,19",29/05/1990
9021,"04,08,17,31,40,42",22/05/1990
9020,"04,10,12,27,39,42",15/05/1990
9019,"13,24,28,30,32,40",08/05/1990
9018,"06,10,19,21,28,37",03/05/1990
9017,"07,11,14,36,39,41",24/04/1990
9016,"01,03,05,11,28,38",17/04/1990
9015,"07,12,17,19,32,37",10/04/1990
9014,"03,06,08,33,35,40",03/04/1990
9013,"04,10,13,22,25,42",27/03/1990
9012,"03,04,18,20,29,37",20/03/1990
9011,"16,17,20,24,36,41",13/03/1990
9010,"03,08,11,12,14,42",06/03/1990
9009,"01,10,19,26,27,38",27/02/1990
9008,"01,05,06,30,34,42",20/02/1990
9007,"10,17,22,26,29,42",13/02/1990
9006,"03,06,10,15,17,20",06/02/1990
9005,"23,24,26,29,30,36",30/01/1990
9004,"12,20,21,28,31,37",23/01/1990
9003,"01,10,18,35,40,41",16/01/1990
9002,"02,24,27,29,33,41",09/01/1990
9001,"02,03,09,26,32,38",02/01/1990
8952,"08,16,19,28,30,39",26/12/1989
8951,"14,23,28,29,36,39",19/12/1989
8950,"03,08,10,29,31,34",12/12/1989
8949,"03,13,15,35,36,37",05/12/1989
8948,"13,23,24,31,34,42",28/11/1989
8947,"09,14,17,19,21,25",21/11/1989
8946,"03,12,14,34,35,37",14/11/1989
8945,"01,05,08,17,22,33",07/11/1989
8944,"01,07,10,19,25,42",31/10/1989
8943,"01,05,19,25,28,29",24/10/1989
8942,"04,06,16,18,30,32",17/10/1989
8941,"01,18,21,25,30,34",10/10/1989
8940,"08,10,13,14,21,38",03/10/1989
8939,"03,05,09,11,36,38",26/09/1989
8938,"21,27,30,34,35,39",19/09/1989
8937,"02,06,07,27,32,37",12/09/1989
8936,"10,17,19,20,23,40",05/09/1989
8935,"08,20,26,35,38,40",29/08/1989
8934,"08,16,21,27,29,30",22/08/1989
8933,"06,11,14,24,33,36",15/08/1989
8932,"06,08,09,15,38,40",08/08/1989
8931,"06,10,19,34,35,40",01/08/1989
8930,"05,17,26,30,33,41",25/07/1989
8929,"08,10,17,32,33,41",18/07/1989
8928,"11,16,19,24,29,30",11/07/1989
8927,"20,24,26,27,33,35",04/07/1989
8926,"01,05,14,19,36,41",27/06/1989
8925,"03,07,08,13,16,34",20/06/1989
8924,"02,05,11,24,25,35",13/06/1989
8923,"01,04,19,21,29,42",06/06/1989
8922,"22,23,28,37,39,40",30/05/1989
8921,"06,07,09,11,15,27",23/05/1989
8920,"06,12,13,16,34,40",16/05/1989
8919,"06,09,14,15,37,39",11/05/1989
8918,"11,17,20,21,32,37",02/05/1989
8917,"06,07,13,24,30,40",25/04/1989
8916,"03,07,14,20,24,39",18/04/1989
8915,"10,16,22,27,34,41",11/04/1989
8914,"03,20,21,26,35,38",04/04/1989
8913,"05,10,33,36,41,42",28/03/1989
8912,"03,11,13,25,30,33",21/03/1989
8911,"22,23,30,34,35,38",14/03/1989
8910,"07,14,22,25,26,42",07/03/1989
8909,"08,11,25,28,30,40",01/03/1989
8908,"06,16,18,20,23,24",22/02/1989
8907,"11,17,23,24,27,38",14/02/1989
8906,"04,05,26,29,32,33",07/02/1989
8905,"02,03,04,08,36,42",31/01/1989
8904,"05,08,12,19,40,42",24/01/1989
8903,"01,07,09,21,31,42",17/01/1989
8902,"02,11,16,32,37,39",10/01/1989
8901,"04,14,17,31,34,40",03/01/1989
8852,"05,07,08,12,15,19",27/12/1988
8851,"01,10,20,22,40,42",20/12/1988
8850,"06,07,11,31,35,41",13/12/1988
8849,"05,06,13,15,19,41",06/12/1988
8848,"07,10,20,21,29,30",29/11/1988
8847,"02,06,07,15,16,36",22/11/1988
8846,"03,04,12,32,38,39",15/11/1988
8845,"09,13,16,28,33,39",08/11/1988
8844,"02,10,25,29,36,38",02/11/1988
8843,"03,07,14,25,31,42",25/10/1988
8842,"02,14,19,24,31,33",18/10/1988
8841,"06,09,14,17,20,32",11/10/1988
8840,"07,08,10,19,26,33",06/10/1988
8839,"01,04,08,21,22,32",29/09/1988
8838,"31,33,35,36,41,42",22/09/1988
8837,"02,19,25,31,32,34",15/09/1988
8836,"04,19,24,25,27,33",06/09/1988
8835,"05,06,10,11,23,37",30/08/1988
8834,"01,08,09,11,20,28",23/08/1988
8833,"17,19,30,31,33,39",16/08/1988
8832,"04,07,13,14,17,39",09/08/1988
8831,"02,03,07,11,15,16",02/08/1988
8830,"01,05,06,10,16,27",26/07/1988
8829,"03,15,16,17,25,39",19/07/1988
8828,"09,14,16,24,26,38",12/07/1988
8827,"04,18,27,29,36,37",05/07/1988
8826,"01,05,08,16,18,37",28/06/1988
8825,"05,06,09,18,19,40",21/06/1988
8824,"03,04,07,19,34,41",14/06/1988
8823,"20,30,36,40,41,42",07/06/1988
8822,"06,15,30,32,37,40",31/05/1988
8821,"21,26,33,34,38,39",24/05/1988
8820,"03,19,22,25,27,36",17/05/1988
8819,"14,22,23,24,25,29",10/05/1988
8818,"02,03,16,22,30,40",03/05/1988
8817,"26,29,32,35,38,41",26/04/1988
8816,"08,10,23,31,41,42",19/04/1988
8815,"10,13,27,29,39,42",12/04/1988
8814,"05,15,19,25,33,37",05/04/1988
8813,"08,13,19,28,32,42",29/03/1988
8812,"15,24,32,33,34,38",22/03/1988
8811,"02,12,21,33,36,39",15/03/1988
8810,"04,09,11,16,17,21",08/03/1988
8809,"01,03,17,37,41,42",01/03/1988
8808,"04,09,13,23,28,34",23/02/1988
8807,"01,09,19,23,37,41",16/02/1988
8806,"02,15,27,29,35,39",09/02/1988
8805,"02,05,16,22,26,30",02/02/1988
8804,"02,10,21,25,26,40",26/01/1988
8803,"05,06,09,11,13,34",19/01/1988
8802,"02,18,19,29,31,34",12/01/1988
8801,"15,17,20,23,30,35",05/01/1988
8752,"03,16,17,26,29,40",29/12/1987
8751,"03,06,08,26,32,38",22/12/1987
8750,"03,08,18,26,29,39",15/12/1987
8749,"07,18,22,38,39,42",08/12/1987
8748,"09,10,23,30,33,41",01/12/1987
8747,"01,10,18,20,28,40",24/11/1987
8746,"05,21,23,34,40,42",17/11/1987
8745,"06,11,12,22,35,41",10/11/1987
8744,"02,09,28,29,33,40",03/11/1987
8743,"12,25,27,31,35,40",27/10/1987
8742,"06,08,14,28,29,32",20/10/1987
8741,"01,06,12,17,18,27",13/10/1987
8740,"06,16,20,22,34,38",06/10/1987
8739,"03,14,19,20,22,36",29/09/1987
8738,"06,08,09,15,25,35",21/09/1987
8737,"04,10,11,18,27,31",15/09/1987
8736,"05,16,20,22,36,38",08/09/1987
8735,"13,18,29,38,40,42",01/09/1987
8734,"01,03,06,10,13,26",25/08/1987
8733,"02,12,14,22,36,41",18/08/1987
8732,"01,14,21,28,32,33",11/08/1987
8731,"10,16,19,23,30,38",04/08/1987
8730,"02,04,07,08,32,36",28/07/1987
8729,"03,04,24,25,38,41",21/07/1987
8728,"03,07,18,32,34,39",14/07/1987
8727,"06,07,16,21,28,29",07/07/1987
8726,"19,25,28,35,36,38",30/06/1987
8725,"10,17,23,24,32,39",23/06/1987
8724,"01,07,15,20,21,23",16/06/1987
8723,"03,07,12,17,22,38",09/06/1987
8722,"07,09,13,15,32,38",01/06/1987
8721,"29,30,33,34,40,41",26/05/1987
8720,"08,18,20,23,24,33",19/05/1987
8719,"02,05,08,15,21,41",12/05/1987
8718,"06,12,19,27,32,36",06/05/1987
8717,"01,03,08,28,31,36",28/04/1987
8716,"14,15,20,27,33,42",23/04/1987
8715,"05,10,12,16,24,30",15/04/1987
8714,"04,10,22,34,37,40",07/04/1987
8713,"12,14,18,21,29,41",31/03/1987
8712,"04,08,20,23,28,30",24/03/1987
8711,"11,16,23,27,30,42",17/03/1987
8710,"05,08,13,17,22,35",10/03/1987
8709,"05,07,24,29,31,33",03/03/1987
8708,"01,04,08,24,31,37",24/02/1987
8707,"01,11,12,19,22,26",17/02/1987
8706,"02,11,19,26,36,42",10/02/1987
8705,"03,09,18,20,23,31",03/02/1987
8704,"03,08,10,24,27,34",27/01/1987
8703,"01,25,28,30,35,36",20/01/1987
8702,"05,08,18,19,21,32",13/01/1987
8701,"04,08,14,24,27,31",06/01/1987
8652,"03,04,11,23,26,36",30/12/1986
8651,"03,04,05,07,23,29",23/12/1986
8650,"02,06,13,14,26,37",16/12/1986
8649,"02,03,06,12,15,37",09/12/1986
8648,"14,16,17,21,31,40",02/12/1986
8647,"13,31,32,33,36,40",25/11/1986
8646,"02,08,15,17,35,37",18/11/1986
8645,"09,13,17,18,25,36",11/11/1986
8644,"13,14,22,23,36,42",04/11/1986
8643,"06,08,12,16,17,40",28/10/1986
8642,"13,18,20,22,38,41",21/10/1986
8641,"12,14,19,30,31,36",15/10/1986
8640,"14,15,23,27,28,34",07/10/1986
8639,"07,11,15,17,24,30",30/09/1986
8638,"03,07,09,25,33,40",23/09/1986
8637,"06,12,20,22,34,40",18/09/1986
8636,"07,21,23,25,26,29",09/09/1986
8635,"25,29,31,37,39,41",02/09/1986
8634,"12,14,23,24,31,38",26/08/1986
8633,"10,12,32,34,38,40",19/08/1986
8632,"01,17,22,23,31,36",12/08/1986
8631,"11,17,20,27,29,32",05/08/1986
8630,"08,13,24,28,31,38",29/07/1986
8629,"06,17,18,23,27,29",22/07/1986
8628,"02,05,10,19,20,34",15/07/1986
8627,"09,18,20,23,31,33",08/07/1986
8626,"03,06,11,14,16,34",26/06/1986
8625,"12,19,21,23,30,42",24/06/1986
8624,"09,15,17,28,32,42",17/06/1986
8623,"02,17,23,29,32,35",10/06/1986
8622,"03,14,15,21,31,36",03/06/1986
8621,"02,03,06,14,38,40",27/05/1986
8620,"06,14,18,22,26,32",20/05/1986
8619,"04,09,14,15,18,22",13/05/1986
8618,"02,03,09,10,25,31",06/05/1986
8617,"02,05,20,23,25,28",28/04/1986
8616,"05,10,18,22,37,38",21/04/1986
8615,"04,11,25,28,30,37",15/04/1986
8614,"04,06,07,12,13,32",08/04/1986
8613,"03,08,09,13,18,33",01/04/1986
8612,"21,27,31,32,38,39",25/03/1986
8611,"02,06,10,22,35,37",18/03/1986
8610,"01,17,19,29,30,39",11/03/1986
8609,"02,18,20,22,24,28",04/03/1986
8608,"18,22,26,32,36,40",25/02/1986
8607,"01,06,09,10,23,29",18/02/1986
8606,"04,06,19,21,30,32",11/02/1986
8605,"02,16,20,27,33,36",04/02/1986
8604,"01,02,06,17,23,32",28/01/1986
8603,"09,18,22,25,29,35",21/01/1986
8602,"06,10,23,27,28,39",14/01/1986
8601,"05,12,23,24,29,32",07/01/1986
8553,"11,13,15,17,31,38",24/12/1985
8552,"12,13,18,21,26,31",17/12/1985
8551,"01,02,17,26,31,36",10/12/1985
8550,"03,08,12,19,35,37",03/12/1985
8549,"05,06,12,15,20,22",26/11/1985
8548,"01,03,08,15,16,37",19/11/1985
8547,"13,18,23,25,35,39",12/11/1985
8546,"06,07,11,27,36,38",05/11/1985
8545,"02,07,28,32,33,37",30/10/1985
8544,"05,07,13,20,24,32",22/10/1985
8543,"08,29,31,32,38,40",15/10/1985
8542,"10,15,21,31,32,40",10/10/1985
8541,"05,12,13,31,32,33",03/10/1985
8540,"04,10,16,24,30,32",26/09/1985
8539,"02,09,20,27,39,40",19/09/1985
8538,"05,08,10,12,21,25",10/09/1985
8537,"19,27,34,38,39,40",03/09/1985
8536,"08,11,14,17,27,38",27/08/1985
8535,"01,25,26,28,37,40",20/08/1985
8534,"05,07,13,17,32,35",13/08/1985
8533,"03,09,11,18,28,32",06/08/1985
8532,"05,08,22,31,34,35",02/08/1985
8531,"02,04,14,18,21,40",30/07/1985
8530,"07,12,27,30,37,38",23/07/1985
8529,"07,11,20,25,26,32",16/07/1985
8528,"03,14,17,23,27,37",09/07/1985
8527,"02,04,23,29,33,39",02/07/1985
8526,"05,07,10,23,26,34",25/06/1985
8525,"05,06,12,21,22,38",18/06/1985
8524,"02,08,19,29,36,39",11/06/1985
8523,"02,12,13,15,20,28",04/06/1985
8522,"03,11,15,25,31,34",28/05/1985
8521,"08,10,24,25,26,30",21/05/1985
8520,"04,08,18,20,28,39",14/05/1985
8519,"07,19,21,31,39,40",07/05/1985
8518,"01,07,08,19,21,25",30/04/1985
8517,"01,05,07,14,15,34",23/04/1985
8516,"01,13,18,22,24,35",16/04/1985
8515,"13,16,19,29,31,37",09/04/1985
8514,"06,18,31,36,37,39",02/04/1985
8513,"08,09,10,17,35,40",26/03/1985
8512,"04,10,24,25,30,37",19/03/1985
8511,"06,10,15,20,22,27",12/03/1985
8510,"15,22,31,33,35,40",05/03/1985
8509,"04,09,20,25,27,29",26/02/1985
8508,"07,13,16,19,38,40",19/02/1985
8507,"04,06,09,20,22,33",12/02/1985
8506,"03,07,12,30,37,40",05/02/1985
8505,"01,11,20,32,36,40",29/01/1985
8504,"04,10,19,23,31,38",22/01/1985
8503,"06,11,27,33,34,38",15/01/1985
8502,"14,16,18,21,26,34",08/01/1985
8501,"03,14,24,31,36,39",01/01/1985
8452,"06,08,11,12,16,30",25/12/1984
8451,"01,03,07,13,29,39",18/12/1984
8450,"06,16,19,21,31,37",11/12/1984
8449,"03,05,07,14,28,38",04/12/1984
8448,"01,06,09,19,24,34",27/11/1984
8447,"02,05,09,19,30,40",20/11/1984
8446,"02,03,14,18,27,35",13/11/1984
8445,"05,10,22,26,30,38",06/11/1984
8444,"15,16,17,21,26,29",30/10/1984
8443,"05,08,20,22,26,28",23/10/1984
8442,"09,15,16,17,19,38",16/10/1984
8441,"01,08,11,18,19,34",09/10/1984
8440,"03,13,21,23,24,40",02/10/1984
8439,"07,11,12,14,26,37",25/09/1984
8438,"02,13,17,21,22,23",18/09/1984
8437,"08,22,32,33,36,38",11/09/1984
8436,"01,06,10,13,32,39",04/09/1984
8435,"06,07,15,19,20,27",28/08/1984
8434,"01,16,22,25,31,37",21/08/1984
8433,"02,13,20,23,34,37",14/08/1984
8432,"07,09,29,31,32,39",07/08/1984
8431,"01,11,15,18,30,33",31/07/1984
8430,"09,14,26,28,34,36",24/07/1984
8429,"05,06,14,20,23,30",17/07/1984
8428,"02,04,05,14,26,40",10/07/1984
8427,"05,07,09,11,12,22",03/07/1984
8426,"03,07,17,23,30,33",26/06/1984
8425,"06,07,13,32,33,37",19/06/1984
8424,"10,19,23,29,36,40",12/06/1984
8423,"03,15,20,24,33,35",05/06/1984
8422,"06,15,17,22,25,40",29/05/1984
8421,"10,20,23,26,31,36",22/05/1984
8420,"08,16,18,26,32,34",15/05/1984
8419,"08,12,15,17,30,39",08/05/1984
8418,"05,10,33,36,38,40",01/05/1984
8417,"13,16,17,18,34,37",24/04/1984
8416,"03,12,16,18,26,33",17/04/1984
8415,"07,15,16,22,32,34",10/04/1984
8414,"02,22,25,29,35,40",03/04/1984
8413,"05,11,18,20,25,26",27/03/1984
8412,"19,27,36,37,38,40",20/03/1984
8411,"13,16,17,20,35,39",13/03/1984
8410,"03,04,12,15,27,40",06/03/1984
8409,"11,15,28,29,30,36",28/02/1984
8408,"02,08,15,28,30,33",21/02/1984
8407,"07,08,25,30,33,34",14/02/1984
8406,"02,06,08,31,34,40",07/02/1984
8405,"02,03,05,22,36,39",31/01/1984
8404,"06,07,14,22,35,38",24/01/1984
8403,"04,10,14,19,25,38",17/01/1984
8402,"11,16,18,20,24,32",10/01/1984
8401,"04,17,20,21,28,34",03/01/1984
8352,"02,04,10,18,34,39",27/12/1983
8351,"08,09,11,16,19,39",20/12/1983
8350,"02,08,10,12,28,40",13/12/1983
8349,"01,11,19,27,36,40",06/12/1983
8348,"15,16,17,19,22,35",29/11/1983
8347,"01,18,20,22,36,39",22/11/1983
8346,"06,12,16,22,31,39",15/11/1983
8345,"05,27,36,37,39,40",08/11/1983
8344,"01,04,11,18,21,35",01/11/1983
8343,"09,10,14,28,31,38",25/10/1983
8342,"08,12,15,16,22,35",18/10/1983
8341,"08,09,14,24,29,38",11/10/1983
8340,"03,12,19,24,31,37",04/10/1983
8339,"05,07,08,17,21,28",27/09/1983
8338,"10,12,20,31,35,38",20/09/1983
8337,"08,09,10,11,15,29",13/09/1983
8336,"18,22,26,30,32,39",06/09/1983
8335,"01,05,06,13,17,21",30/08/1983
8334,"01,04,10,24,27,35",23/08/1983
8333,"03,08,21,23,30,35",16/08/1983
8332,"04,07,18,26,28,32",09/08/1983
8331,"01,06,09,12,25,36",02/08/1983
8330,"01,02,07,18,22,36",26/07/1983
8329,"01,04,05,15,24,35",19/07/1983
8328,"11,13,19,25,36,40",12/07/1983
8327,"04,10,16,17,34,36",05/07/1983
8326,"02,08,11,16,23,40",28/06/1983
8325,"06,07,12,31,32,36",21/06/1983
8324,"07,14,16,19,28,34",14/06/1983
8323,"08,21,23,26,35,37",07/06/1983
8322,"17,20,23,29,30,36",31/05/1983
8321,"01,10,17,18,28,30",24/05/1983
8320,"10,12,17,23,28,40",17/05/1983
8319,"10,15,18,21,23,28",10/05/1983
8318,"01,20,22,23,26,28",03/05/1983
8317,"06,12,19,21,33,39",26/04/1983
8316,"06,12,13,31,34,33",19/04/1983
8315,"01,09,23,33,37,38",12/04/1983
8314,"01,02,05,22,36,40",05/04/1983
8313,"03,17,22,32,34,36",29/03/1983
8312,"07,14,15,20,21,32",22/03/1983
8311,"08,12,23,27,31,34",15/03/1983
8310,"02,11,16,17,23,29",08/03/1983
8309,"02,17,19,33,36,40",01/03/1983
8308,"04,06,07,29,35,40",22/02/1983
8307,"05,11,12,23,32,33",15/02/1983
8306,"04,09,12,19,23,39",08/02/1983
8305,"12,14,15,32,34,38",01/02/1983
8304,"16,21,25,35,38,40",25/01/1983
8303,"07,10,19,22,35,37",18/01/1983
8302,"12,14,16,20,21,25",11/01/1983
8301,"13,14,22,23,25,34",04/01/1983
8252,"01,07,22,25,37,39",28/12/1982
8251,"06,08,10,23,26,28",21/12/1982
8250,"06,14,18,25,35,38",14/12/1982
8249,"05,10,18,21,24,40",07/12/1982
8248,"08,09,10,14,31,32",30/11/1982
8247,"25,26,27,34,36,39",23/11/1982
8246,"10,11,13,19,30,39",16/11/1982
8245,"05,10,19,21,30,37",09/11/1982
8244,"12,15,25,28,32,33",02/11/1982
8243,"01,10,15,17,38,40",26/10/1982
8242,"02,11,13,20,33,34",19/10/1982
8241,"02,04,09,10,12,28",12/10/1982
8240,"08,13,20,29,30,35",05/10/1982
8239,"02,19,24,25,32,33",28/09/1982
8238,"02,07,17,20,22,33",21/09/1982
8237,"10,15,17,18,26,40",14/09/1982
8236,"24,26,34,37,38,40",07/09/1982
8235,"02,06,26,30,38,40",31/08/1982
8234,"04,19,23,34,35,39",24/08/1982
8233,"10,12,15,18,24,30",17/08/1982
8232,"04,17,23,27,28,32",10/08/1982
8231,"13,16,19,24,27,40",03/08/1982
8230,"01,04,12,28,30,34",27/07/1982
8229,"08,16,24,26,34,39",20/07/1982
8228,"01,06,11,26,30,36",13/07/1982
8227,"01,22,28,30,34,36",06/07/1982
8226,"01,07,17,22,29,37",29/06/1982
8225,"16,23,28,34,35,38",22/06/1982
8224,"03,10,16,18,22,38",15/06/1982
8223,"13,14,15,16,32,37",08/06/1982
8222,"19,20,26,29,35,40",01/06/1982
8221,"06,07,08,22,26,33",25/05/1982
8220,"01,05,20,30,32,37",18/05/1982
8219,"03,04,09,14,24,25",11/05/1982
8218,"02,06,23,28,32,40",04/05/1982
8217,"03,09,12,14,28,37",27/04/1982
8216,"03,16,20,26,29,35",20/04/1982
8215,"08,10,16,27,37,39",13/04/1982
8214,"07,13,17,20,29,31",06/04/1982
8213,"03,10,16,25,27,32",30/03/1982
8212,"08,10,12,14,28,39",23/03/1982
8211,"01,06,10,29,38,40",16/03/1982
8210,"03,10,17,18,30,38",09/03/1982
8209,"05,15,17,21,31,36",02/03/1982
8208,"05,07,13,14,26,35",23/02/1982
8207,"06,09,15,18,23,39",16/02/1982
8206,"15,17,18,27,33,34",09/02/1982
8205,"05,19,20,28,30,37",02/02/1982
8204,"01,19,23,25,33,38",26/01/1982
8203,"02,33,34,35,37,40",19/01/1982
8202,"02,07,11,12,28,38",12/01/1982
8201,"04,07,12,15,27,29",05/01/1982
8152,"04,07,19,28,31,32",29/12/1981
8151,"04,07,19,28,31,32",22/12/1981
8150,"05,06,10,27,28,32",15/12/1981
8149,"02,06,07,08,11,24",08/12/1981
8148,"08,11,12,27,29,34",01/12/1981
8147,"16,20,23,24,27,39",24/11/1981
8146,"06,07,08,14,23,37",17/11/1981
8145,"02,05,15,20,23,27",10/11/1981
8144,"14,19,21,24,28,37",03/11/1981
8143,"06,07,11,16,17,20",27/10/1981
8142,"05,17,22,24,28,32",20/10/1981
8141,"07,16,21,22,23,25",13/10/1981
8140,"08,15,27,30,31,34",06/10/1981
8139,"14,15,23,25,31,34",29/09/1981
8138,"10,19,20,24,32,36",22/09/1981
8137,"08,09,17,24,29,36",15/09/1981
8136,"02,03,04,18,28,35",08/09/1981
8135,"04,14,16,19,22,32",01/09/1981
8134,"03,04,06,10,19,25",25/08/1981
8133,"05,07,09,14,28,35",18/08/1981
8132,"01,23,27,32,33,34",11/08/1981
8131,"07,17,18,20,21,32",04/08/1981
8130,"17,24,31,32,34,38",28/07/1981
8129,"02,11,20,27,28,30",21/07/1981
8128,"05,15,24,29,31,38",14/07/1981
8127,"01,02,03,14,20,22",07/07/1981
8126,"08,13,14,16,21,38",30/06/1981
8125,"10,13,16,17,30,33",23/06/1981
8124,"09,10,15,16,20,26",16/06/1981
8123,"06,09,14,19,32,39",09/06/1981
8122,"09,11,17,34,37,38",02/06/1981
8121,"06,12,15,24,26,33",26/05/1981
8120,"03,05,09,17,31,33",19/05/1981
8119,"06,14,15,19,23,35",12/05/1981
8118,"13,17,27,29,31,33",05/05/1981
8117,"01,02,13,18,28,30",28/04/1981
8116,"09,13,14,17,20,34",21/04/1981
8115,"01,06,13,27,36,39",14/04/1981
8114,"02,19,23,28,31,36",07/04/1981
8113,"03,12,18,33,35,38",31/03/1981
8112,"02,07,09,10,15,26",24/03/1981
8111,"20,25,30,31,33,39",17/03/1981
8110,"01,13,20,29,30,37",10/03/1981
8109,"02,03,08,19,24,25",03/03/1981
8108,"05,11,12,22,35,36",24/02/1981
8107,"01,02,14,17,24,29",17/02/1981
8106,"04,08,09,22,36,37",10/02/1981
8105,"02,07,09,10,33,37",03/02/1981
8104,"08,09,17,24,31,32",27/01/1981
8103,"01,13,21,25,34,38",20/01/1981
8102,"07,08,14,25,31,34",13/01/1981
8101,"01,11,18,26,34,39",06/01/1981
8053,"02,07,08,26,30,37",30/12/1980
8052,"05,06,09,10,11,20",23/12/1980
8051,"12,28,31,33,35,38",16/12/1980
8050,"09,17,21,26,29,34",09/12/1980
8049,"03,16,22,25,28,39",02/12/1980
8048,"01,02,09,13,19,32",25/11/1980
8047,"05,12,14,26,29,35",18/11/1980
8046,"04,07,13,25,27,29",11/11/1980
8045,"01,10,13,27,28,32",04/11/1980
8044,"01,05,06,07,25,30",28/10/1980
8043,"08,16,18,21,30,34",21/10/1980
8042,"03,13,25,32,34,36",14/10/1980
8041,"07,19,20,27,35,38",07/10/1980
8040,"05,21,25,28,31,36",30/09/1980
8039,"04,05,10,32,35,39",23/09/1980
8038,"10,16,20,31,33,35",16/09/1980
8037,"01,02,16,19,34,39",09/09/1980
8036,"04,13,19,27,28,37",02/09/1980
8035,"07,13,14,30,31,34",26/08/1980
8034,"03,05,14,17,24,38",19/08/1980
8033,"03,06,20,27,36,39",12/08/1980
8032,"08,13,19,22,23,29",05/08/1980
8031,"03,06,09,10,26,27",29/07/1980
8030,"10,16,25,26,28,36",22/07/1980
8029,"08,12,25,27,29,30",15/07/1980
8028,"05,06,11,13,24,34",08/07/1980
8027,"02,10,13,20,24,34",01/07/1980
8026,"11,16,23,25,27,29",24/06/1980
8025,"01,03,06,10,12,24",17/06/1980
8024,"01,03,06,08,34,36",10/06/1980
8023,"01,12,20,23,25,38",03/06/1980
8022,"02,09,15,35,38,39",27/05/1980
8021,"04,26,27,28,29,32",20/05/1980
8020,"06,13,25,34,37,39",13/05/1980
8019,"04,06,18,21,35,38",06/05/1980
8018,"03,08,12,15,32,39",29/04/1980
8017,"17,21,23,26,30,32",22/04/1980
8016,"11,17,18,20,34,37",15/04/1980
8015,"07,19,22,32,36,38",08/04/1980
8014,"01,08,17,20,26,29",01/04/1980
8013,"07,08,09,17,20,21",25/03/1980
8012,"09,10,13,18,23,28",18/03/1980
8011,"01,17,21,24,33,39",11/03/1980
8010,"01,25,26,28,38,39",04/03/1980
8009,"02,12,25,27,29,32",26/02/1980
8008,"14,25,26,33,35,37",19/02/1980
8007,"07,22,24,33,36,39",12/02/1980
8006,"01,04,09,19,24,31",05/02/1980
8005,"07,13,24,31,34,39",29/01/1980
8004,"02,16,17,35,36,37",22/01/1980
8003,"01,18,19,25,33,36",15/01/1980
8002,"22,32,33,35,37,38",08/01/1980
8001,"12,13,16,22,37,39",01/01/1980
7952,"03,17,20,25,30,36",25/12/1979
7951,"03,16,19,24,34,35",18/12/1979
7950,"02,05,06,07,14,31",11/12/1979
7949,"04,16,20,26,27,31",04/12/1979
7948,"01,08,11,30,35,39",27/11/1979
7947,"06,10,11,17,29,37",20/11/1979
7946,"02,25,28,32,33,35",13/11/1979
7945,"09,14,18,28,29,38",06/11/1979
7944,"19,20,23,31,35,36",30/10/1979
7943,"02,04,08,14,23,29",23/10/1979
7942,"04,05,10,17,18,20",16/10/1979
7941,"03,07,11,12,27,36",09/10/1979
7940,"03,09,10,26,27,39",02/10/1979
7939,"01,04,13,25,27,34",25/09/1979
7938,"06,14,25,26,35,37",18/09/1979
7937,"07,22,23,32,36,38",11/09/1979
7936,"08,13,21,22,36,38",04/09/1979
7935,"04,05,11,16,23,25",28/08/1979
7934,"02,09,12,18,23,29",21/08/1979
7933,"09,16,21,24,27,34",14/08/1979
7932,"05,06,20,25,29,34",07/08/1979
7931,"02,11,18,22,29,39",31/07/1979
7930,"12,16,21,22,33,35",24/07/1979
7929,"05,11,19,28,29,31",17/07/1979
7928,"01,02,05,15,26,28",10/07/1979
7927,"05,21,25,31,36,38",03/07/1979
7926,"02,08,11,17,27,34",26/06/1979
7925,"06,11,22,30,31,38",19/06/1979
7924,"06,16,18,22,30,35",12/06/1979
7923,"03,08,10,11,23,32",05/06/1979
7922,"04,20,21,24,25,27",29/05/1979
7921,"08,25,28,29,34,38",22/05/1979
7920,"01,09,15,29,36,37",15/05/1979
7919,"04,05,10,15,21,28",08/05/1979
7918,"07,08,10,13,18,29",01/05/1979
7917,"13,16,17,20,24,33",24/04/1979
7916,"02,15,16,19,37,38",17/04/1979
7915,"17,21,24,26,38,39",10/04/1979
7914,"02,09,12,18,28,34",03/04/1979
7913,"04,07,18,21,28,37",27/03/1979
7912,"03,10,22,26,28,31",20/03/1979
7911,"03,04,15,21,23,31",13/03/1979
7910,"04,05,17,19,22,23",06/03/1979
7909,"12,13,14,18,24,34",27/02/1979
7908,"02,09,19,21,24,28",20/02/1979
7907,"02,17,20,22,26,30",13/02/1979
7906,"01,12,13,18,21,30",06/02/1979
7905,"03,05,07,10,21,37",30/01/1979
7904,"01,07,09,21,23,37",23/01/1979
7903,"02,08,15,20,25,36",16/01/1979
7902,"18,19,23,25,26,34",09/01/1979
7901,"04,13,16,26,29,37",02/01/1979
7851,"01,04,11,14,26,27",19/12/1978
7850,"06,07,11,27,30,33",12/12/1978
7849,"05,12,23,32,37,39",05/12/1978
7848,"04,11,19,21,22,25",28/11/1978
7847,"02,11,14,19,28,32",21/11/1978
7846,"08,10,17,29,37,39",14/11/1978
7845,"14,18,29,30,32,38",07/11/1978
7844,"02,03,04,18,27,37",31/10/1978
7843,"05,06,12,19,36,39",24/10/1978
7842,"08,12,20,23,26,38",17/10/1978
7841,"01,08,13,22,26,35",10/10/1978
7840,"02,11,14,28,31,39",03/10/1978
7839,"07,11,16,21,34,37",26/09/1978
7838,"02,03,04,13,14,39",19/09/1978
7837,"17,20,22,29,32,34",12/09/1978
7836,"01,05,26,31,35,37",05/09/1978
7835,"02,14,22,28,29,36",29/08/1978
7834,"03,13,16,21,28,38",22/08/1978
7833,"01,05,27,36,37,39",15/08/1978
7832,"01,09,12,15,23,35",08/08/1978
7831,"05,15,17,18,35,38",01/08/1978
7830,"03,10,11,14,18,33",25/07/1978
7829,"02,03,16,26,31,36",18/07/1978
7828,"01,03,20,22,23,32",11/07/1978
7827,"04,05,11,22,34,36",04/07/1978
7826,"06,18,19,24,30,38",27/06/1978
7825,"11,16,17,18,19,35",20/06/1978
7824,"02,10,14,19,38,39",13/06/1978
7823,"02,06,11,19,27,38",06/06/1978
7822,"03,11,14,18,25,36",30/05/1978
7821,"07,13,18,27,37,38",23/05/1978
7820,"04,20,21,23,28,30",16/05/1978
7819,"03,23,26,27,28,32",09/05/1978
7818,"04,07,09,11,19,36",02/05/1978
7817,"01,11,15,16,23,32",25/04/1978
7816,"01,05,07,13,14,31",18/04/1978
7815,"03,11,12,16,18,37",11/04/1978
7814,"10,17,21,22,25,38",04/04/1978
7813,"08,15,17,23,32,37",28/03/1978
7812,"07,12,15,24,28,32",21/03/1978
7811,"06,15,17,28,29,37",14/03/1978
7810,"02,03,04,14,17,26",07/03/1978
7809,"11,12,25,26,27,32",28/02/1978
7808,"02,08,24,26,28,39",21/02/1978
7807,"04,09,22,27,28,34",14/02/1978
7806,"09,12,14,18,32,39",07/02/1978
7805,"15,16,21,23,25,39",31/01/1978
7804,"16,19,20,25,34,36",24/01/1978
7803,"13,20,22,28,32,35",17/01/1978
7802,"06,08,22,24,27,37",10/01/1978
7801,"01,06,14,15,25,37",03/01/1978
7752,"16,23,26,31,36,37",27/12/1977
7751,"10,11,12,32,38,39",20/12/1977
7750,"02,03,10,13,34,35",13/12/1977
7749,"01,08,14,16,27,30",06/12/1977
7748,"06,16,23,25,33,39",29/11/1977
7747,"06,14,18,19,28,34",22/11/1977
7746,"06,09,14,18,28,32",15/11/1977
7745,"14,20,26,31,33,35",08/11/1977
7744,"05,13,24,29,32,39",01/11/1977
7743,"08,15,17,18,29,37",25/10/1977
7742,"04,22,26,27,29,32",18/10/1977
7741,"04,07,12,19,28,36",11/10/1977
7740,"06,15,22,23,25,37",04/10/1977
7739,"17,25,27,34,37,39",27/09/1977
7738,"14,19,25,33,34,39",20/09/1977
7737,"04,12,16,17,19,29",13/09/1977
7736,"17,18,29,30,36,39",06/09/1977
7735,"01,06,10,19,25,26",30/08/1977
7734,"08,12,14,16,19,29",23/08/1977
7733,"04,07,08,13,17,18",16/08/1977
7732,"03,09,10,11,18,30",09/08/1977
7731,"04,13,15,24,31,35",02/08/1977
7730,"20,30,33,37,38,39",26/07/1977
7729,"10,15,19,20,21,35",19/07/1977
7728,"02,11,19,28,29,39",12/07/1977
7727,"01,02,09,22,23,37",05/07/1977
7726,"03,04,14,20,23,33",28/06/1977
7725,"10,16,27,32,35,37",21/06/1977
7724,"06,11,17,31,34,39",14/06/1977
7723,"01,07,08,29,31,35",07/06/1977
7722,"15,17,23,28,33,36",31/05/1977
7721,"01,05,06,20,27,28",24/05/1977
7720,"07,09,15,17,22,37",17/05/1977
7719,"04,05,09,15,26,33",10/05/1977
7718,"06,24,25,27,29,37",03/05/1977
7717,"01,02,06,10,23,27",26/04/1977
7716,"02,08,18,21,27,28",19/04/1977
7715,"11,13,17,25,34,38",12/04/1977
7714,"18,20,25,26,33,39",05/04/1977
7713,"06,09,26,28,32,37",29/03/1977
7712,"03,09,14,21,30,33",22/03/1977
7711,"01,09,22,23,27,33",15/03/1977
7710,"06,07,13,32,37,39",08/03/1977
7709,"02,08,22,24,32,38",01/03/1977
7708,"04,14,18,27,29,33",22/02/1977
7707,"03,04,06,09,12,19",15/02/1977
7706,"02,06,14,15,24,26",08/02/1977
7705,"09,16,17,24,30,38",01/02/1977
7704,"02,08,15,17,25,26",25/01/1977
7703,"04,11,21,25,28,31",18/01/1977
7702,"05,16,19,25,31,36",11/01/1977
7701,"01,02,21,32,36,38",04/01/1977
7652,"16,21,28,32,33,36",28/12/1976
7651,"02,03,11,19,32,37",21/12/1976
7650,"01,03,05,10,11,31",14/12/1976
7649,"03,05,13,14,28,39",07/12/1976
7648,"03,08,11,14,37,38",30/11/1976
7647,"06,07,12,14,20,34",23/11/1976
7646,"20,21,23,24,28,30",16/11/1976
7645,"03,07,14,20,23,27",09/11/1976
7644,"01,07,12,17,18,19",02/11/1976
7643,"01,03,10,29,30,33",26/10/1976
7642,"01,04,05,06,10,16",19/10/1976
7641,"07,08,13,23,30,34",12/10/1976
7640,"10,11,15,25,29,30",05/10/1976
7639,"02,05,06,08,14,30",28/09/1976
7638,"01,08,21,24,35,36",21/09/1976
7637,"06,08,09,16,18,36",14/09/1976
7636,"02,09,12,22,25,26",07/09/1976
7635,"01,18,21,22,26,37",31/08/1976
7634,"02,05,20,31,33,37",24/08/1976
7633,"04,10,14,21,24,35",17/08/1976
7632,"11,15,16,20,22,27",10/08/1976
7631,"07,23,24,27,30,34",03/08/1976
7630,"14,17,18,19,30,36",27/07/1976
7629,"12,15,21,27,28,35",20/07/1976
7628,"12,15,18,32,33,38",13/07/1976
7627,"07,11,18,30,32,38",06/07/1976
7626,"03,09,21,22,28,37",29/06/1976
7625,"03,06,07,08,26,29",22/06/1976
7624,"02,11,19,29,35,39",15/06/1976
7623,"01,04,26,29,35,38",08/06/1976
7622,"02,09,13,20,25,36",01/06/1976
7621,"09,17,25,27,30,31",25/05/1976
7620,"01,07,18,23,26,31",18/05/1976
7619,"05,16,17,23,32,38",11/05/1976
7618,"01,22,32,35,36,38",04/05/1976
7617,"01,05,11,17,23,39",27/04/1976
7616,"13,16,19,26,27,37",20/04/1976
7615,"04,08,12,19,38,39",13/04/1976
7614,"02,04,17,18,27,35",06/04/1976
7613,"02,03,14,17,20,22",30/03/1976
7612,"03,04,06,08,11,19",23/03/1976
7611,"10,11,13,16,19,22",16/03/1976
7610,"04,08,15,24,29,30",09/03/1976
7609,"07,08,13,17,24,28",02/03/1976
7608,"09,15,19,20,23,28",24/02/1976
7607,"02,11,28,32,33,38",17/02/1976
7606,"11,16,28,29,31,35",10/02/1976
7605,"06,07,22,23,26,32",03/02/1976
7604,"01,03,06,15,29,39",27/01/1976
7603,"05,07,19,26,32,33",20/01/1976
7602,"01,08,16,21,27,29",13/01/1976
7601,"09,12,18,19,24,27",06/01/1976
7552,"05,23,31,33,37,38",30/12/1975
7551,"01,13,16,19,26,31",23/12/1975
7550,"03,06,08,17,33,34",16/12/1975
7549,"01,06,09,12,19,33",09/12/1975
7548,"19,22,28,29,33,38",02/12/1975
7547,"09,10,15,18,33,39",25/11/1975
7546,"22,23,24,28,33,36",18/11/1975
7545,"04,08,12,16,18,25",11/11/1975
7544,"02,06,18,21,30,38",04/11/1975
7543,"11,23,26,27,28,31",28/10/1975
7542,"10,15,17,19,20,26",21/10/1975
7541,"06,11,13,17,24,31",14/10/1975
7540,"07,09,24,31,34,35",07/10/1975
7539,"03,14,24,26,36,39",30/09/1975
7538,"12,22,24,25,33,37",23/09/1975
7537,"08,18,25,29,32,35",16/09/1975
7536,"06,11,14,22,23,32",09/09/1975
7535,"05,13,30,33,34,36",02/09/1975
7534,"02,09,12,14,19,34",26/08/1975
7533,"01,06,11,22,36,39",19/08/1975
7532,"03,04,21,30,35,39",12/08/1975
7531,"03,05,07,24,36,37",05/08/1975
7530,"04,13,19,33,36,37",29/07/1975
7529,"07,13,22,23,30,39",22/07/1975
7528,"02,10,15,19,27,38",15/07/1975
7527,"05,09,15,19,29,37",08/07/1975
7526,"02,04,22,33,34,36",01/07/1975
7525,"05,06,26,27,30,32",24/06/1975
7524,"03,06,22,23,32,37",17/06/1975
7523,"03,23,29,31,33,39",10/06/1975
7522,"17,26,32,34,35,38",03/06/1975
7521,"02,08,20,23,29,31",27/05/1975
7520,"02,06,26,27,36,37",20/05/1975
7519,"04,05,29,30,38,39",13/05/1975
7518,"16,26,31,33,35,36",06/05/1975
7517,"17,22,27,33,34,35",29/04/1975
7516,"07,12,21,22,27,32",22/04/1975
7515,"01,02,06,11,14,31",15/04/1975
7514,"01,02,03,17,18,37",08/04/1975
7513,"02,14,20,29,31,36",01/04/1975
7512,"07,12,15,22,28,33",25/03/1975
7511,"10,14,17,28,36,38",18/03/1975
7510,"07,16,20,22,34,35",11/03/1975
7509,"01,16,17,31,34,38",04/03/1975
7508,"03,06,07,10,11,34",25/02/1975
7507,"03,05,19,29,32,34",18/02/1975
7506,"02,05,13,16,18,27",11/02/1975
7505,"12,14,16,30,31,33",04/02/1975
7504,"09,14,21,23,29,37",28/01/1975
7503,"02,08,13,15,35,36",21/01/1975
7502,"07,14,20,24,31,34",14/01/1975
7501,"03,05,18,23,30,36",07/01/1975
7453,"13,21,23,24,30,34",31/12/1974
7452,"07,15,25,27,33,36",24/12/1974
7451,"05,10,30,31,32,36",17/12/1974
7450,"04,18,23,25,27,32",10/12/1974
7449,"01,04,09,13,16,21",03/12/1974
7448,"02,03,09,15,23,38",26/11/1974
7447,"02,05,24,27,30,39",19/11/1974
7446,"04,10,14,23,25,35",12/11/1974
7445,"08,10,14,18,19,26",05/11/1974
7444,"01,02,16,23,24,25",29/10/1974
7443,"04,05,14,16,24,30",22/10/1974
7442,"15,18,19,26,28,29",15/10/1974
7441,"04,06,19,22,25,39",08/10/1974
7440,"09,19,21,32,34,36",01/10/1974
7439,"08,12,18,19,20,30",24/09/1974
7438,"01,04,07,09,15,38",17/09/1974
7437,"04,10,11,33,37,38",10/09/1974
7436,"03,08,09,12,33,38",03/09/1974
7435,"07,11,18,26,30,34",27/08/1974
7434,"15,26,27,29,30,34",20/08/1974
7433,"16,19,24,25,34,39",13/08/1974
7432,"08,11,22,32,36,38",06/08/1974
7431,"01,04,11,33,35,36",30/07/1974
7430,"12,19,23,30,34,35",23/07/1974
7429,"01,11,27,32,33,35",16/07/1974
7428,"10,13,15,20,27,38",09/07/1974
7427,"08,09,10,13,20,27",02/07/1974
7426,"09,20,23,24,25,30",25/06/1974
7425,"02,05,11,32,36,37",18/06/1974
7424,"06,07,12,20,24,35",11/06/1974
7423,"05,12,19,24,30,37",04/06/1974
7422,"05,15,18,29,33,39",28/05/1974
7421,"08,09,12,14,15,38",21/05/1974
7420,"04,08,25,33,36,39",14/05/1974
7419,"12,16,22,24,32,35",07/05/1974
7418,"02,09,13,26,28,32",30/04/1974
7417,"01,02,07,19,22,26",23/04/1974
7416,"02,12,15,16,21,35",16/04/1974
7415,"07,11,12,21,23,31",09/04/1974
7414,"03,06,24,27,36,38",02/04/1974
7413,"01,17,23,28,29,30",26/03/1974
7412,"14,17,19,20,24,27",19/03/1974
7411,"06,12,24,25,28,36",12/03/1974
7410,"11,12,13,18,35,37",05/03/1974
7409,"04,16,20,31,32,33",26/02/1974
7408,"04,07,14,16,19,39",19/02/1974
7407,"06,12,19,27,33,36",12/02/1974
7406,"02,04,05,10,37,39",05/02/1974
7405,"17,24,29,37,38,39",29/01/1974
7404,"05,15,19,30,32,37",22/01/1974
7403,"18,23,30,33,34,35",15/01/1974
7402,"05,12,15,27,36,37",08/01/1974
7401,"10,17,18,24,34,35",01/01/1974
7350,"03,13,19,33,37,38",11/12/1973
7349,"04,06,23,24,32,36",04/12/1973
7348,"10,11,21,27,31,36",27/11/1973
7347,"08,11,20,21,28,35",20/11/1973
7346,"01,06,13,21,32,36",13/11/1973
7345,"09,11,13,21,34,35",06/11/1973
7344,"06,13,14,17,21,29",30/10/1973
7343,"01,02,14,19,22,29",23/10/1973
7342,"08,13,17,24,26,36",16/10/1973
7341,"06,07,08,11,19,26",09/10/1973
7340,"06,09,16,25,35,37",02/10/1973
7339,"03,07,12,18,24,30",25/09/1973
7338,"11,12,19,20,23,26",18/09/1973
7337,"10,12,17,29,31,37",11/09/1973
7336,"04,06,11,18,21,23",04/09/1973
7335,"04,10,11,13,17,35",28/08/1973
7334,"01,04,08,20,24,27",21/08/1973
7333,"06,07,08,09,31,35",14/08/1973
7332,"04,06,13,22,32,35",07/08/1973
7331,"02,07,10,16,26,29",31/07/1973
7330,"01,06,17,20,21,27",24/07/1973
7329,"04,05,06,26,33,39",17/07/1973
7328,"04,21,22,26,27,39",10/07/1973
7327,"03,04,16,18,33,36",03/07/1973
7326,"02,14,15,21,26,34",26/06/1973
7325,"05,07,10,11,35,36",19/06/1973
7324,"04,05,11,17,19,31",12/06/1973
7323,"02,03,06,16,20,27",05/06/1973
7322,"02,08,12,19,24,38",29/05/1973
7321,"21,28,30,35,37,38",22/05/1973
7320,"12,15,25,26,33,38",15/05/1973
7319,"02,03,07,11,22,38",08/05/1973
7318,"13,24,27,28,32,35",01/05/1973
7317,"05,06,14,18,31,32",24/04/1973
7316,"03,04,15,29,31,33",17/04/1973
7315,"07,25,29,34,35,37",10/04/1973
7314,"06,07,15,16,25,35",03/04/1973
7313,"02,07,09,15,18,34",27/03/1973
7312,"02,11,13,26,33,39",20/03/1973
7311,"02,15,19,22,27,33",13/03/1973
7310,"11,14,18,22,24,26",06/03/1973
7309,"06,18,21,33,38,39",27/02/1973
7308,"06,18,30,31,34,38",20/02/1973
7307,"17,20,25,33,37,39",13/02/1973
7306,"04,14,19,28,29,30",06/02/1973
7305,"06,15,26,34,36,38",30/01/1973
7304,"04,06,14,17,21,34",23/01/1973
7303,"11,17,19,30,32,34",16/01/1973
7302,"02,15,18,20,26,30",09/01/1973
7301,"01,02,03,13,26,30",02/01/1973
7252,"13,22,30,31,32,36",26/12/1972
7251,"06,13,18,21,22,36",19/12/1972
7250,"02,12,16,21,32,36",12/12/1972
7249,"09,11,15,16,27,39",05/12/1972
7248,"04,11,12,13,36,37",28/11/1972
7247,"07,09,15,26,32,36",21/11/1972
7246,"02,06,18,21,35,38",14/11/1972
7245,"01,03,16,35,38,39",07/11/1972
7244,"03,12,15,16,22,29",31/10/1972
7243,"02,05,24,27,33,36",24/10/1972
7242,"03,13,20,21,22,28",17/10/1972
7241,"08,09,19,20,25,38",10/10/1972
7240,"08,09,18,32,34,35",03/10/1972
7239,"10,15,20,27,28,35",26/09/1972
7238,"12,16,21,23,28,39",19/09/1972
7237,"01,17,20,22,25,31",12/09/1972
7236,"16,19,21,22,28,37",05/09/1972
7235,"01,02,04,06,34,36",29/08/1972
7234,"04,21,27,30,37,39",22/08/1972
7233,"05,25,26,27,35,37",15/08/1972
7232,"10,20,21,25,30,35",08/08/1972
7231,"08,16,27,31,38,39",01/08/1972
7230,"08,20,23,24,31,38",25/07/1972
7229,"02,06,12,14,16,24",18/07/1972
7228,"04,07,14,17,31,36",11/07/1972
7227,"07,22,25,26,29,38",04/07/1972
7226,"05,06,13,16,17,24",27/06/1972
7225,"02,12,14,16,24,39",20/06/1972
7224,"02,21,32,33,34,36",13/06/1972
7223,"09,11,19,23,37,38",06/06/1972
7222,"07,14,20,29,30,31",30/05/1972
7221,"16,28,29,33,36,38",23/05/1972
7220,"02,08,21,24,26,28",16/05/1972
7219,"03,08,22,23,30,39",09/05/1972
7218,"02,09,12,13,33,36",02/05/1972
7217,"08,12,15,24,26,34",25/04/1972
7216,"03,11,13,17,23,27",18/04/1972
7215,"08,10,12,18,24,33",11/04/1972
7214,"03,04,12,13,18,34",04/04/1972
7213,"09,12,16,22,24,39",28/03/1972
7212,"02,07,09,16,20,36",21/03/1972
7211,"06,17,18,19,22,25",14/03/1972
7210,"09,23,31,32,38,39",07/03/1972
7209,"05,11,17,24,34,35",29/02/1972
7208,"02,03,09,17,34,38",22/02/1972
7207,"01,04,29,32,33,37",15/02/1972
7206,"04,11,19,21,24,31",08/02/1972
7205,"04,11,12,15,22,37",01/02/1972
7204,"14,20,21,23,24,37",25/01/1972
7203,"06,12,13,20,30,38",18/01/1972
7202,"07,11,13,18,32,33",11/01/1972
7201,"06,07,24,32,33,36",04/01/1972
7151,"06,18,21,24,28,36",21/12/1971
7150,"22,23,28,29,32,34",14/12/1971
7149,"02,16,23,32,34,36",07/12/1971
7148,"14,15,16,20,26,39",30/11/1971
7147,"16,18,21,24,25,34",23/11/1971
7146,"04,05,16,26,32,34",16/11/1971
7145,"04,05,12,19,20,33",09/11/1971
7144,"06,19,24,25,28,38",02/11/1971
7143,"02,12,14,17,19,35",26/10/1971
7142,"01,13,28,31,37,38",19/10/1971
7141,"11,21,25,31,32,39",12/10/1971
7140,"01,04,22,26,31,37",05/10/1971
7139,"10,13,14,23,35,38",28/09/1971
7138,"11,13,16,21,24,30",21/09/1971
7137,"08,09,16,23,30,35",14/09/1971
7136,"11,18,20,25,38,39",07/09/1971
7135,"14,19,22,25,27,31",31/08/1971
7134,"05,08,11,14,33,34",24/08/1971
7133,"01,03,05,09,17,24",17/08/1971
7132,"01,12,24,25,27,36",10/08/1971
7131,"01,22,24,30,34,37",03/08/1971
7130,"01,07,10,13,22,39",27/07/1971
7129,"07,21,22,31,34,36",20/07/1971
7128,"02,06,22,29,32,37",13/07/1971
7127,"10,12,19,29,32,36",06/07/1971
7126,"04,15,19,21,38,39",29/06/1971
7125,"01,03,10,19,20,28",22/06/1971
7124,"03,07,14,19,23,28",15/06/1971
7123,"10,16,19,22,23,34",08/06/1971
7122,"08,11,20,30,34,37",01/06/1971
7121,"01,02,07,19,27,29",25/05/1971
7120,"04,07,10,12,26,39",18/05/1971
7119,"09,10,16,21,22,26",11/05/1971
7118,"01,13,21,31,37,38",04/05/1971
7117,"19,26,30,32,34,38",27/04/1971
7116,"03,06,16,24,28,33",20/04/1971
7115,"07,09,12,22,25,32",13/04/1971
7114,"03,04,06,29,30,32",06/04/1971
7113,"06,13,15,29,35,36",30/03/1971
7112,"01,07,10,27,30,33",23/03/1971
7111,"04,05,06,19,26,38",16/03/1971
7110,"02,04,17,33,36,39",09/03/1971
7109,"03,06,11,14,27,37",02/03/1971
7108,"06,19,22,25,27,37",23/02/1971
7107,"01,08,10,16,17,22",16/02/1971
7106,"05,06,19,21,29,31",09/02/1971
7105,"03,17,21,24,27,32",02/02/1971
7104,"09,11,19,22,23,36",26/01/1971
7103,"03,12,17,20,22,31",19/01/1971
7102,"03,10,14,22,27,30",12/01/1971
7101,"01,07,16,35,36,37",05/01/1971
7052,"12,15,16,27,28,33",29/12/1970
7051,"13,24,30,31,34,37",22/12/1970
7050,"03,06,15,28,29,33",15/12/1970
7049,"08,09,22,23,27,37",08/12/1970
7048,"01,02,06,09,12,22",01/12/1970
7047,"05,14,20,37,38,39",24/11/1970
7046,"24,28,31,32,34,37",17/11/1970
7045,"01,05,10,18,26,39",10/11/1970
7044,"02,08,11,20,31,37",03/11/1970
7043,"08,25,27,28,35,38",27/10/1970
7042,"03,06,09,19,21,30",20/10/1970
7041,"01,14,15,28,31,35",13/10/1970
7040,"05,10,19,27,30,33",06/10/1970
7039,"01,04,06,18,23,34",29/09/1970
7038,"14,18,22,23,26,33",22/09/1970
7037,"08,15,16,17,18,27",15/09/1970
7036,"03,05,12,13,23,28",08/09/1970
7035,"09,25,31,34,35,38",01/09/1970
7034,"10,15,20,23,28,38",25/08/1970
7033,"02,06,08,13,28,35",18/08/1970
7032,"08,20,22,25,31,39",11/08/1970
7031,"02,07,11,21,26,37",04/08/1970
7030,"06,09,10,14,37,39",28/07/1970
7029,"06,10,17,24,32,35",21/07/1970
7028,"05,06,07,19,25,30",14/07/1970
7027,"04,17,18,22,30,37",07/07/1970
7026,"03,07,08,14,26,35",30/06/1970
7025,"01,02,31,34,36,39",23/06/1970
7024,"04,05,08,16,19,26",16/06/1970
7023,"03,05,08,09,18,29",09/06/1970
7022,"04,16,26,31,34,39",02/06/1970
7021,"04,08,24,37,38,39",26/05/1970
7020,"04,08,11,13,29,37",19/05/1970
7019,"01,05,11,12,24,35",12/05/1970
7018,"02,06,08,15,23,34",05/05/1970
7017,"01,05,07,09,17,36",28/04/1970
7016,"03,11,12,19,34,38",21/04/1970
7015,"02,12,15,16,20,37",14/04/1970
7014,"08,13,22,25,31,37",07/04/1970
7013,"02,04,05,07,29,37",31/03/1970
7012,"02,07,14,23,29,35",24/03/1970
7011,"06,10,11,15,19,35",17/03/1970
7010,"05,14,16,19,29,30",10/03/1970
7009,"06,07,12,22,29,39",03/03/1970
7008,"12,13,26,29,34,36",24/02/1970
7007,"06,08,18,34,36,37",17/02/1970
7006,"05,10,24,27,30,32",10/02/1970
7005,"03,07,15,20,21,25",03/02/1970
7004,"08,09,17,21,35,38",27/01/1970
7003,"16,18,19,24,33,38",20/01/1970
7002,"07,09,15,23,25,31",13/01/1970
7001,"04,10,17,25,33,37",06/01/1970
6952,"09,16,24,26,31,33",30/12/1969
6951,"10,13,27,31,35,39",23/12/1969
6950,"02,15,17,20,30,37",16/12/1969
6949,"12,13,17,24,26,30",09/12/1969
6948,"09,14,21,24,31,38",02/12/1969
6947,"09,19,20,21,29,34",25/11/1969
6946,"09,12,22,23,28,33",18/11/1969
6945,"07,08,12,15,29,36",11/11/1969
6944,"04,05,14,17,24,34",04/11/1969
6943,"03,17,20,21,31,37",28/10/1969
6942,"09,15,22,31,34,35",21/10/1969
6941,"01,18,22,30,33,38",14/10/1969
6940,"08,10,11,14,22,24",07/10/1969
6939,"04,11,16,21,23,36",30/09/1969
6938,"01,08,27,28,32,33",23/09/1969
6937,"03,06,10,19,20,21",16/09/1969
6936,"11,21,25,26,27,34",09/09/1969
6935,"04,06,16,17,35,39",02/09/1969
6934,"13,14,16,21,33,38",26/08/1969
6933,"03,14,18,22,23,28",19/08/1969
6932,"15,16,22,23,34,38",12/08/1969
6931,"01,15,17,21,29,37",05/08/1969
6930,"02,08,15,17,29,35",29/07/1969
6929,"06,22,23,30,33,39",22/07/1969
6928,"02,09,11,24,28,38",15/07/1969
6927,"06,08,10,14,16,17",08/07/1969
6926,"02,12,15,19,22,35",01/07/1969
6925,"03,05,17,18,24,25",24/06/1969
6924,"03,04,06,16,24,32",17/06/1969
6923,"02,04,08,21,25,36",10/06/1969
6922,"03,15,19,25,31,36",03/06/1969
6921,"13,14,19,20,33,35",27/05/1969
6920,"06,15,18,31,33,37",20/05/1969
6919,"03,07,09,24,32,34",13/05/1969
6918,"01,02,16,20,21,31",06/05/1969
6917,"14,21,22,34,38,39",29/04/1969
6916,"16,21,22,29,31,39",22/04/1969
6915,"03,11,18,23,24,38",15/04/1969
6914,"13,14,15,20,30,33",08/04/1969
6913,"01,18,20,21,22,36",01/04/1969
6912,"05,17,19,23,24,30",25/03/1969
6911,"04,06,13,17,21,38",18/03/1969
6910,"02,07,17,19,31,38",11/03/1969
6909,"03,04,05,12,19,27",04/03/1969
6908,"03,06,25,28,34,35",25/02/1969
6907,"09,13,22,33,34,39",18/02/1969
6906,"05,20,22,28,37,39",11/02/1969
6905,"02,07,12,18,32,37",04/02/1969
6904,"03,04,05,12,22,36",28/01/1969
6903,"03,18,23,27,33,36",21/01/1969
6902,"07,17,20,23,28,30",14/01/1969
6901,"08,11,17,19,21,35",07/01/1969
6818,"03,06,12,15,22,30",31/12/1968
6817,"12,19,31,33,35,38",24/12/1968
6816,"11,14,21,25,32,39",17/12/1968
6815,"09,11,16,23,30,32",10/12/1968
6814,"05,06,07,11,16,31",03/12/1968
6813,"03,15,16,21,30,35",26/11/1968
6812,"02,03,20,25,26,29",19/11/1968
6811,"05,08,10,26,28,29",12/11/1968
6810,"02,05,07,09,25,26",05/11/1968
6809,"03,09,26,32,34,36",29/10/1968
6808,"02,13,20,24,25,27",22/10/1968
6807,"01,06,23,29,33,34",15/10/1968
6806,"07,09,10,17,23,34",08/10/1968
6805,"01,07,08,09,11,30",01/10/1968
6804,"01,14,17,26,35,39",24/09/1968
6803,"08,12,26,27,34,38",17/09/1968
6802,"13,20,23,29,32,34",10/09/1968
6801,"03,14,18,22,25,33",03/09/1968
